t,lat,lon
0.0,53.40645374569764,-2.966361026505225
0.03,53.40655925554523,-2.9664589988949293
0.06,53.40655742958007,-2.9664792024690136
0.09,53.406618066769155,-2.9663637131285596
0.12,53.406455610603864,-2.966552374137951
0.15,53.40658991664543,-2.966579267310789
0.18,53.40669482867841,-2.9667784248894487
0.21,53.406672983556035,-2.966689808876512
0.24,53.406564488444545,-2.9665117005982906
0.27,53.406725059427586,-2.9666994646050773
0.3,53.40653523777198,-2.96668289961596
0.33,53.406710897437094,-2.9667304179208847
0.36,53.40659753719595,-2.9667615712906517
0.39,53.40640915351098,-2.9668728946241423
0.42,53.40638430854844,-2.9668745697275893
0.45,53.406277542328546,-2.966982223110973
0.48,53.40616505474348,-2.966998381724678
0.51,53.40608096738932,-2.9671897858425713
0.54,53.40621599857959,-2.9671672041135104
0.57,53.40627291632476,-2.9672928416071525
0.6,53.40646993368963,-2.9671488629956344
0.63,53.40631828967355,-2.9672157849214904
0.66,53.40640688343658,-2.967131308213612
0.69,53.4065814596713,-2.9671624654136277
0.72,53.406713473948614,-2.967094343187062
0.75,53.40663482135299,-2.9670593109446046
0.78,53.40678781295332,-2.9669208319772333
0.81,53.40678992648155,-2.9668852310740403
0.84,53.40660373681361,-2.9669881350846232
0.87,53.40672269851263,-2.967022409484903
0.9,53.40659190147326,-2.9670028899803476
0.93,53.40667311777809,-2.966933095648147
0.96,53.40662299898629,-2.966957510996129
0.99,53.406626369581595,-2.9668461339501286
1.02,53.40663474494864,-2.966888831912143
1.05,53.40663062235682,-2.9670770019265564
1.08,53.406448017272965,-2.966995649091115
1.11,53.406641292359886,-2.966958375598963
1.14,53.406598732234436,-2.967090235920221
1.17,53.40659962765781,-2.9668974052652053
1.2,53.406707836913746,-2.9668815582858254
1.23,53.40685195282531,-2.9669886878346
1.26,53.40685746149059,-2.966807700879293
1.29,53.40688857941371,-2.966824048186529
1.32,53.406796291204685,-2.9668048496627426
1.35,53.40697913771727,-2.9670025660109625
1.38,53.40709259981032,-2.9668743716461923
1.41,53.40724707164265,-2.966778170281459
1.44,53.407370727603,-2.9667706989680496
1.47,53.407395270748914,-2.9668002626961743
1.5,53.40721772006792,-2.9666522586341038
1.53,53.40724571980147,-2.9667723228660328
1.56,53.407247607988445,-2.9667783528211418
1.59,53.40719032397426,-2.9668399216535346
1.62,53.40720571549256,-2.9667905258724154
1.65,53.40725069647847,-2.9668072671523755
1.68,53.40706188647211,-2.966915425139865
1.71,53.40693277097568,-2.9668816407915535
1.74,53.40707717452002,-2.9667622652153227
1.77,53.407196013545075,-2.9666356902670983
1.8,53.40709813116111,-2.9664989923341887
1.83,53.40716737657129,-2.966665698679067
1.86,53.40697405282334,-2.966859874689097
1.89,53.407076287533435,-2.9669600509988356
1.92,53.40692008298435,-2.9669101301651746
1.95,53.40685785212999,-2.967082324013762
1.98,53.406721702339865,-2.967071371854143
2.01,53.40658896031835,-2.9671622060794154
2.04,53.406673596289224,-2.967180325427397
2.07,53.40660239699578,-2.967190817021729
2.1,53.406411850826835,-2.9672361941798244
2.13,53.406380218298516,-2.967360978457924
2.16,53.4062237229755,-2.9672010510577813
2.19,53.40622776936787,-2.967317414660761
2.22,53.40627002882388,-2.9671905987934095
2.25,53.40607835606728,-2.967383452985078
2.28,53.405936940763446,-2.9672959187959735
2.31,53.4058010318005,-2.967214076544833
2.34,53.40587230211861,-2.9671961956794015
2.37,53.405760542017816,-2.9670059578722743
2.4,53.405879666360896,-2.9669993180654943
2.43,53.40576894467299,-2.9669399154982545
2.46,53.40572690387694,-2.9669095771131393
2.49,53.40565540220068,-2.966857197968631
2.52,53.40547891624716,-2.9669377555887815
2.55,53.405666077571226,-2.9667875418910876
2.58,53.405588632219356,-2.966644136128545
2.61,53.405512777670296,-2.9664684207556906
2.64,53.405610314517766,-2.9665019518505846
2.67,53.405511257758675,-2.9666985597455993
2.7,53.40566274491796,-2.96688339313336
2.73,53.405790510562205,-2.9666985126832874
2.76,53.40581862279031,-2.9668299058452163
2.79,53.40596573521608,-2.9666403957507526
2.82,53.40604734447301,-2.9666368462523214
2.85,53.40599853200675,-2.9666980738984963
2.88,53.40588083670966,-2.9666284126927973
2.91,53.405854016758106,-2.9667507652348033
2.94,53.40569578644724,-2.966684382223492
2.97,53.40561421551647,-2.966684462254597
3.0,53.405544353778424,-2.9665358136516278
3.03,53.405704225086275,-2.9667285764581717
3.06,53.40558456629085,-2.966797480176133
3.09,53.40577938617802,-2.9666844000258417
3.12,53.40571502443716,-2.9667991881072893
3.15,53.40578480646505,-2.9666641076792275
3.18,53.405957681453806,-2.966726567753311
3.21,53.406110638734795,-2.9666517236804495
3.24,53.40610443822384,-2.966457520388519
3.27,53.40599829439779,-2.9663673343140227
3.3,53.40583216648996,-2.966499456657305
3.33,53.40599656160336,-2.9666142693793085
3.36,53.406100208076445,-2.9665741858472554
3.39,53.406236660954725,-2.966626942647493
3.42,53.406172775048724,-2.9667104565325286
3.45,53.406319742978155,-2.966668863520972
3.48,53.40650146596102,-2.9665139574790853
3.51,53.40635560435198,-2.9664934892894577
3.54,53.40619731435118,-2.966677834170019
3.57,53.406026591718714,-2.9665313668270725
3.6,53.406141838298204,-2.966399964438485
3.63,53.406078197283854,-2.9663538900254616
3.66,53.40619095872451,-2.966402674173926
3.69,53.40621927133475,-2.9665131885448264
3.72,53.40605196863969,-2.9666064990876335
3.75,53.406208275890826,-2.9665807203543375
3.78,53.40637830277167,-2.966597612650721
3.81,53.406289175878115,-2.966482806785297
3.84,53.406420283140775,-2.9666778540875023
3.87,53.406488447796384,-2.966841180838456
3.9,53.40633448879576,-2.966687156810304
3.93,53.406150498210515,-2.966791303464357
3.96,53.406345761609956,-2.9668228980293847
3.99,53.40619198488219,-2.9669559446544
4.02,53.40608855299623,-2.9668583420877854
4.05,53.40592968665462,-2.9666940363204737
4.08,53.40588099756284,-2.9665059307058623
4.11,53.4060446866541,-2.966588321271883
4.14,53.405946050708515,-2.9665975172334944
4.17,53.40578610236609,-2.966536697153699
4.2,53.40560195045146,-2.9667324946930913
4.23,53.405794983902084,-2.966814274749072
4.26,53.405833612159356,-2.9668343369352197
4.29,53.405758924503786,-2.9670091510192007
4.32,53.405924281310654,-2.9668212257084656
4.35,53.40611219991245,-2.966976680784415
4.38,53.40599827722046,-2.9669295580324104
4.41,53.40619025837482,-2.9669123927534167
4.44,53.406265534298036,-2.9668476589818664
4.47,53.40616916869478,-2.966831018076701
4.5,53.40609209714191,-2.966932465598267
4.53,53.40592464464806,-2.967020150908841
4.56,53.406117995334945,-2.9670409900126278
4.59,53.40617879954875,-2.9669836035805197
4.62,53.40635509335765,-2.967027412160064
4.65,53.40627780707559,-2.9670965155941893
4.68,53.40620450113435,-2.966957661687859
4.71,53.40636190123256,-2.96703653795599
4.74,53.40629563459482,-2.9670188477903174
4.77,53.40632722876935,-2.966980462774317
4.8,53.40622526797091,-2.9671723131629384
4.83,53.40612277169084,-2.96734338214939
4.86,53.4061432535928,-2.967515015602374
4.89,53.405973305509704,-2.967460862764949
4.92,53.40588963412987,-2.967343988861796
4.95,53.40588693854697,-2.967198929270684
4.98,53.40574861038544,-2.9671983574363057
5.01,53.40586660378293,-2.9673675146418
5.04,53.40604629496252,-2.9674982177984517
5.07,53.40615677855572,-2.967304259449994
5.1,53.40628539861362,-2.967376345848877
5.13,53.40612814970745,-2.967370602548455
5.16,53.406295892483136,-2.9674532067507067
5.19,53.40645339600221,-2.967596534491896
5.22,53.40661758867197,-2.967783830513537
5.25,53.40654401614307,-2.9676225952000514
5.28,53.40666555865547,-2.9674597336932527
5.31,53.40680184606437,-2.967361259739091
5.34,53.40687768413609,-2.9674899977928333
5.37,53.406850739336484,-2.9676268390153324
5.4,53.40693666911727,-2.967559727519458
5.43,53.40683770368039,-2.967733961842119
5.46,53.407023058033715,-2.9676106607907697
5.49,53.40704276600627,-2.967594109729976
5.52,53.407183283072804,-2.9676127858589267
5.55,53.40714156725069,-2.967677318200969
5.58,53.40704475488768,-2.9678675547998385
5.61,53.40710333042528,-2.967900881246919
5.64,53.40713157187791,-2.9680759525945977
5.67,53.40707354925539,-2.9682206389490156
5.7,53.406923600861504,-2.9683169937614493
5.73,53.407055174613895,-2.968357874836223
5.76,53.40701560747466,-2.968312896867026
5.79,53.40690901933598,-2.9685099059978093
5.82,53.40692050003193,-2.968509546149986
5.85,53.40698003586887,-2.9685342193677293
5.88,53.407054641121135,-2.968441650588065
5.91,53.4069499909912,-2.9684436216877788
5.94,53.40694152174623,-2.9685535968537633
5.97,53.4069064201994,-2.968529433879968
6.0,53.4070691960012,-2.9683623512464328
6.03,53.40697928614659,-2.9683037851761758
6.06,53.40679856508393,-2.9684751646208847
6.09,53.40680324176761,-2.968324194989306
6.12,53.406667028859914,-2.968217783845787
6.15,53.406820232687664,-2.968293063033053
6.18,53.4068972554735,-2.9681534665840585
6.21,53.4068459012058,-2.968072953518895
6.24,53.406940468452426,-2.9680351223969588
6.27,53.407082979307994,-2.967876480648512
6.3,53.40726701083478,-2.967847987570825
6.33,53.407137521192865,-2.967947749407274
6.36,53.40702456866827,-2.967919942467435
6.39,53.40712766871414,-2.968099089178978
6.42,53.40720032329638,-2.968012227873631
6.45,53.407139515899566,-2.9680062055519136
6.48,53.40700543516038,-2.967914247091719
6.51,53.406821718635314,-2.9677217586684597
6.54,53.40694489612869,-2.9676703792676666
6.57,53.40685190662655,-2.9675052341116297
6.6,53.4070356821617,-2.9676495836480212
6.63,53.407145985061824,-2.9675128113046036
6.66,53.40720987200435,-2.967432648198037
6.69,53.407187895497195,-2.9672629250769873
6.72,53.407376378508474,-2.9673099837518593
6.75,53.40749746312079,-2.9673368151153072
6.78,53.40736336480826,-2.9674066282045644
6.81,53.40721389683819,-2.9672430743006033
6.84,53.40739766647021,-2.967395399607641
6.87,53.40743793810268,-2.9674321099685574
6.9,53.40728517411508,-2.9675139197626326
6.93,53.407184460663515,-2.9674140890381566
6.96,53.4069860642459,-2.9675381535565832
6.99,53.40696157347395,-2.967729739687349
7.02,53.40701258410937,-2.967687488671918
7.05,53.40714671704972,-2.967804846345644
7.08,53.407060629695145,-2.967787910573343
7.11,53.40696991997403,-2.9677536153399817
7.14,53.40687027286581,-2.967680204478947
7.17,53.40698670915316,-2.9675567426308818
7.2,53.40717615559698,-2.9675385918293515
7.23,53.40717247930891,-2.967396312749432
7.26,53.40728010626326,-2.9673680948976773
7.29,53.40723340881716,-2.967454475919384
7.32,53.40707666450066,-2.9673314562836346
7.35,53.40692389311287,-2.967232550189759
7.38,53.40694200794878,-2.9670465720582446
7.41,53.40704643421272,-2.966857164144413
7.44,53.40690107181789,-2.96685701555488
7.47,53.40693010313276,-2.966932514971955
7.5,53.40693131612804,-2.9669897874665137
7.53,53.40694267371658,-2.967189449579334
7.56,53.406919599449424,-2.9672096287218386
7.59,53.40684151912471,-2.9672498676228
7.62,53.40695475404918,-2.967176502469215
7.65,53.40695167370234,-2.967117435172478
7.68,53.406902696987075,-2.9672358695523036
7.71,53.406704247250225,-2.9673248210516596
7.74,53.40674351292971,-2.967172155878431
7.77,53.406875281429706,-2.9671677717952827
7.8,53.407070088687725,-2.967183139405735
7.83,53.40720392608219,-2.9672195532692225
7.86,53.407301778329284,-2.9670245165927334
7.89,53.40722391296623,-2.967156391462648
7.92,53.407271926449724,-2.967144008990499
7.95,53.407215695262515,-2.96734260129366
7.98,53.40717136031916,-2.9673722535048186
8.01,53.40713346114786,-2.9672277553812276
8.04,53.40716723235869,-2.9671342230642463
8.07,53.407326396027344,-2.9670347136788164
8.1,53.407323476848106,-2.9669364063427017
8.13,53.4073796190083,-2.966876908168836
8.16,53.407431489151776,-2.9669141085788406
8.19,53.40748319396429,-2.9668606155744626
8.22,53.4076580411481,-2.966747626100314
8.25,53.40779654837474,-2.966640626184257
8.28,53.40792267871954,-2.9665984412263646
8.31,53.40786245875489,-2.9666926079230374
8.34,53.40794566676572,-2.9665430310931122
8.37,53.40796336546884,-2.966682203106329
8.4,53.408096555582915,-2.9666883858747646
8.43,53.408083396634225,-2.966870230650826
8.46,53.408087509003344,-2.9667723315846444
8.49,53.4080565481278,-2.9668302606592087
8.52,53.408119285543364,-2.9670223641042495
8.55,53.40812215098215,-2.9668439132660365
8.58,53.40819833001893,-2.9668831437747336
8.61,53.40827389331344,-2.966841146207007
8.64,53.40815744907003,-2.966958062874715
8.67,53.408311859185915,-2.967050435190633
8.7,53.40814181309692,-2.9669181641543942
8.73,53.40815109220395,-2.966970880888005
8.76,53.408155699772806,-2.9668761906126644
8.79,53.40802312121596,-2.96681496381337
8.82,53.40810849601532,-2.9666889624357986
8.85,53.40801640026879,-2.966645095903533
8.88,53.40790924582014,-2.966620678034085
8.91,53.407778191008916,-2.9665047709841326
8.94,53.40792487815477,-2.9665729135600043
8.97,53.4078138055795,-2.966387398193182
9.0,53.4078964817048,-2.966249881144284
9.03,53.407708695494776,-2.966090123819623
9.06,53.407757676319136,-2.9661635121579266
9.09,53.407730382568296,-2.966058874960526
9.12,53.40784454735067,-2.9661829146132535
9.15,53.40789490195281,-2.9663166628022526
9.18,53.4080841218853,-2.96633923217973
9.21,53.40824937988739,-2.9662479330418154
9.24,53.408291883849145,-2.9663431394292776
9.27,53.40830252077831,-2.966487691532623
9.3,53.4081577599756,-2.9664013916261287
9.33,53.40810219588293,-2.966300841101534
9.36,53.4079983933245,-2.9662135778446084
9.39,53.40808578409506,-2.9662913794921875
9.42,53.40792833826861,-2.9663325763501125
9.45,53.407925282868746,-2.9664925866642333
9.48,53.40779998737289,-2.9666704494431073
9.51,53.40783899280151,-2.9665148989937586
9.54,53.40772561591789,-2.966701013619408
9.57,53.40780718535566,-2.966575049395892
9.6,53.40799283399035,-2.9665297778131627
9.63,53.40792981125661,-2.9663946303659503
9.66,53.40777703809869,-2.9663175755906743
9.69,53.407615130438394,-2.9663576932918674
9.72,53.40761313959096,-2.9664065355826543
9.75,53.407480578622476,-2.9665138486576135
9.78,53.407608638621475,-2.9665288183356964
9.81,53.407640611719366,-2.9666440555286497
9.84,53.40772658574288,-2.9667120086249907
9.87,53.40776403317787,-2.9665482137998724
9.9,53.40796179054142,-2.9667297266205472
9.93,53.408080767626195,-2.966586691490403
9.96,53.40800859740108,-2.9666334324400103
9.99,53.40804069890495,-2.9664658963476223
10.02,53.40800067034228,-2.966313884280113
10.05,53.408104094553565,-2.9664529750482305
10.08,53.40826956652171,-2.9666469026271947
10.11,53.40812763782173,-2.96658097814204
10.14,53.40795048569638,-2.96662918218777
10.17,53.40780247723979,-2.9666440264782286
10.2,53.40793846937729,-2.966481592737689
10.23,53.407752657233424,-2.9666572520350214
10.26,53.40788890684757,-2.966840126121719
10.29,53.4077983429536,-2.966993151434642
10.32,53.40763475803638,-2.9671821022787523
10.35,53.40768976324144,-2.9670842565715763
10.38,53.40776447179206,-2.966946007462809
10.41,53.40782967826746,-2.966990126691739
10.44,53.40788210347695,-2.9668022887683914
10.47,53.40793874481016,-2.9669050520747544
10.5,53.40776281844845,-2.9667309856748583
10.53,53.407799016647765,-2.966791139777814
10.56,53.407841157747626,-2.9667670367393884
10.59,53.40785002645674,-2.9669427148825767
10.62,53.407791317477695,-2.966977654873401
10.65,53.40767106481394,-2.9668256127809096
10.68,53.40764071272489,-2.966760658514749
10.71,53.40772613130467,-2.9666633452906397
10.74,53.407814577421036,-2.966562461889984
10.77,53.407715209698694,-2.966371900419307
10.8,53.40757561360021,-2.9662044414612674
10.83,53.40771744111029,-2.9660635757447955
10.86,53.40753856561223,-2.966227088511418
10.89,53.40766378793312,-2.966239421780832
10.92,53.40761188920957,-2.96604554679194
10.95,53.407427936383684,-2.9660329607704177
10.98,53.40740527629414,-2.966181679521206
11.01,53.40736335159926,-2.966098620559282
11.04,53.40751627784294,-2.9662887726746967
11.07,53.407526081666376,-2.9664526220366825
11.1,53.407646239049235,-2.9666183079249078
11.13,53.40745991637764,-2.966664613444077
11.16,53.40755295884744,-2.966739330766858
11.19,53.4074049608073,-2.966621501878024
11.22,53.407527728560055,-2.966479157958515
11.25,53.407449226349364,-2.9665092258141073
11.28,53.40734738234706,-2.9664863548169005
11.31,53.40727942521378,-2.9665508894825168
11.34,53.40739287378114,-2.9663683710185005
11.37,53.40742652990884,-2.9665264958464523
11.4,53.407487559881915,-2.966547051159313
11.43,53.40768277210473,-2.966459298561254
11.46,53.40781668654733,-2.9663787840571785
11.49,53.407830934149644,-2.9662200567004473
11.52,53.407963580975526,-2.9663035263454014
11.55,53.407826393733615,-2.966355385597886
11.58,53.40783482480264,-2.966516433561954
11.61,53.40777297651722,-2.966486471296269
11.64,53.40759040636464,-2.9663604918256614
11.67,53.407650853182915,-2.9664350317570256
11.7,53.407570181575416,-2.9664939853007106
11.73,53.4075002970539,-2.966394579789927
11.76,53.407500719796886,-2.966384128431007
11.79,53.40736022239648,-2.9662183612300397
11.82,53.407290451567945,-2.9662873354490844
11.85,53.40711799002383,-2.9660955708163836
11.88,53.40710986916055,-2.96593041692147
11.91,53.40728091605755,-2.9657425160641986
11.94,53.40740716777265,-2.965572338774122
11.97,53.40757608350211,-2.9654517917028556
12.0,53.40742991598852,-2.9654423070139413
12.03,53.407460157593725,-2.9652453080027468
12.06,53.40757373701371,-2.9651641415160848
12.09,53.40767239662845,-2.9652195104104515
12.12,53.40784932205158,-2.9651621100546053
12.15,53.407810351894994,-2.965176281423686
12.18,53.40800225386592,-2.9651634300647136
12.21,53.40786937288026,-2.96530408806706
12.24,53.40794426975893,-2.965278977854694
12.27,53.408106992263406,-2.9654051377170743
12.3,53.4080714357889,-2.96531395362962
12.33,53.40789147780246,-2.9654742646669856
12.36,53.40790976096303,-2.9655679729803475
12.39,53.407752536001524,-2.965663293952949
12.42,53.40780539243662,-2.965652742978219
12.45,53.40763679114084,-2.9658236183999986
12.48,53.407777041937564,-2.965766322815802
12.51,53.40764638884086,-2.965621589188864
12.54,53.407455128594194,-2.9656743472719094
12.57,53.407594180489,-2.965590235906807
12.6,53.407507681451314,-2.965433723309007
12.63,53.40754691265181,-2.9652875259813367
12.66,53.40770403000142,-2.965317348350399
12.69,53.407774270136514,-2.965299557824508
12.72,53.407952164231666,-2.9651802935273737
12.75,53.40804249163185,-2.965054680577523
12.78,53.40824175561277,-2.9651520561033333
12.81,53.408122301065035,-2.9650533429779493
12.84,53.40823043406929,-2.965047629458865
12.87,53.408225264394765,-2.965086132230672
12.9,53.40837834316692,-2.964967639479615
12.93,53.408412182206206,-2.9651515918458724
12.96,53.40855263884391,-2.9651682103748156
12.99,53.408428543055194,-2.965248468664701
13.02,53.40850507684555,-2.965446265833371
13.05,53.40835309470448,-2.96552520437862
13.08,53.40850797124656,-2.965426460202842
13.11,53.40869628793681,-2.96540924870707
13.14,53.40872507522784,-2.965388697984344
13.17,53.408735326113366,-2.9653718817558956
13.2,53.40886275313382,-2.965190534262015
13.23,53.40882607344156,-2.965138548164974
13.26,53.408749177204584,-2.9652177840103877
13.29,53.40875170414482,-2.9651832769469384
13.32,53.40877170193162,-2.964992645065658
13.35,53.4086368904267,-2.964937979300463
13.38,53.40883470283021,-2.9648435251858425
13.41,53.40886106623591,-2.9648961799248026
13.44,53.408821921789304,-2.9647215706879098
13.47,53.40898005396913,-2.96465370017227
13.5,53.409139553125875,-2.964483634712393
13.53,53.40927809055367,-2.9645302682352943
13.56,53.409263836410645,-2.9644119052340026
13.59,53.40921288962256,-2.9643121597105133
13.62,53.40920545777501,-2.9643775431883546
13.65,53.40918791709008,-2.964530939405928
13.68,53.409129715792396,-2.9645648616337033
13.71,53.40893698122307,-2.9646960320441753
13.74,53.408841074442016,-2.964552878432971
13.77,53.40887690529675,-2.9646380204703937
13.8,53.40907599597548,-2.964734852230386
13.83,53.40908151131035,-2.9646390443161863
13.86,53.409158039526574,-2.9646656432425638
13.89,53.409268838603474,-2.9646713256000674
13.92,53.40935502463049,-2.9646747749835964
13.95,53.40954362250454,-2.9645883030074796
13.98,53.409380173399114,-2.964736514956929
14.01,53.40956677931797,-2.9648448236067964
14.04,53.40937723373753,-2.964943534107526
14.07,53.40936914856051,-2.964762666682624
14.1,53.409328800521386,-2.9646732644475113
14.13,53.409462545530104,-2.964837599640467
14.16,53.40950730231202,-2.964639285897439
14.19,53.409527140699446,-2.9646254914263483
14.22,53.40946582171496,-2.9644470492680917
14.25,53.40965366141055,-2.9646057813284807
14.28,53.40967479495464,-2.9646379296365346
14.31,53.40974345341902,-2.964790470981907
14.34,53.40964958713538,-2.964878969630375
14.37,53.409641472311094,-2.964761656496586
14.4,53.40978461131594,-2.9646470870405626
14.43,53.40985533404981,-2.9648122099373935
14.46,53.40981122087908,-2.9647447292884963
14.49,53.40972891999162,-2.9647416019296484
14.52,53.40989095133637,-2.964895139114822
14.55,53.41003250199793,-2.9650528072459674
14.58,53.409987047771835,-2.9648906514845397
14.61,53.40986752779655,-2.964882354433773
14.64,53.40983416940963,-2.964727175520492
14.67,53.41003099528806,-2.9648117384960506
14.7,53.41002798590508,-2.9646537364359644
14.73,53.41004590417565,-2.9647678864600544
14.76,53.41014976910063,-2.964833050740406
14.79,53.410144158849505,-2.9650296259774485
14.82,53.41033974566715,-2.9649667130324553
14.85,53.41051007080598,-2.96477923891962
14.88,53.41041708427906,-2.964763024529147
14.91,53.41039318477243,-2.96465908244214
14.94,53.41053013903856,-2.964767658377778
14.97,53.4104399649038,-2.9646851537588756
15.0,53.41040462212449,-2.964833073144737
15.03,53.41028274635978,-2.9648087334192725
15.06,53.410322144138604,-2.96462470479063
15.09,53.41033525611986,-2.9645811124851207
15.12,53.41019479802164,-2.964615591717938
15.15,53.4101067145383,-2.9645374225827674
15.18,53.41001353743875,-2.9646516624587433
15.21,53.40996061119819,-2.9646634428362457
15.24,53.40989596918659,-2.9646211499738335
15.27,53.409768450654134,-2.964469185856007
15.3,53.409846119200125,-2.9644552805687727
15.33,53.409669384110416,-2.964524877912788
15.36,53.40974542705799,-2.9644668522017246
15.39,53.409870208729124,-2.964310248784289
15.42,53.40979635527699,-2.9643127565111955
15.45,53.409728371921226,-2.964461587604843
15.48,53.409584418757895,-2.9645589998267963
15.51,53.409419630263294,-2.9645434696135924
15.54,53.40950079923987,-2.9645182405762713
15.57,53.40957470593904,-2.964627741373176
15.6,53.409454467678124,-2.9646007114337034
15.63,53.40960818191566,-2.9646318056142644
15.66,53.409409876573385,-2.964823784972396
15.69,53.40933199841059,-2.9647776352798
15.72,53.40916582458516,-2.964887831142212
15.75,53.409238100806746,-2.964693834364495
15.78,53.409174529929636,-2.964653378770674
15.81,53.409181901863036,-2.9648441288595992
15.84,53.40911383562769,-2.9649883523883616
15.87,53.40901416429932,-2.9648803599951563
15.9,53.40908664533126,-2.9650639508234944
15.93,53.408917595380096,-2.964973979135108
15.96,53.40875887925967,-2.965047171140716
15.99,53.408666614310974,-2.965227264535348
16.02,53.40847908230053,-2.965371650621437
16.05,53.408438813192035,-2.9651981683293807
16.08,53.40849416444248,-2.9653013439304643
16.11,53.40856602211639,-2.9653918906546406
16.14,53.40857211732279,-2.9654631595798335
16.17,53.40875158568665,-2.965522214571665
16.2,53.40887301080805,-2.965465737386403
16.23,53.4090103410395,-2.965423273237622
16.26,53.40915849503379,-2.9654612080442933
16.29,53.40923009611045,-2.9654129531797038
16.32,53.40924118959424,-2.965387177188566
16.35,53.409255494386926,-2.9654296689008346
16.38,53.40941482214196,-2.965376577138463
16.41,53.409434471370815,-2.965555001515904
16.44,53.40943788261649,-2.9656849428266656
16.47,53.409323891904016,-2.9657110979191597
16.5,53.40934227463217,-2.9658109330660074
16.53,53.409250648384244,-2.9657988745300092
16.56,53.40923994201355,-2.96583755953678
16.59,53.409081443421606,-2.9658881684755065
16.62,53.40914321192652,-2.9658704888993386
16.65,53.409161113012004,-2.965732961654638
16.68,53.409250378231896,-2.9656591259581173
16.71,53.40906254369671,-2.965735874774949
16.74,53.40913550862466,-2.9658735656645625
16.77,53.40930089784233,-2.9660167950487564
16.8,53.40945254641986,-2.966130287706048
16.83,53.40958918232179,-2.965990995833167
16.86,53.40952336820628,-2.965835558884354
16.89,53.4093872753234,-2.9656959150787454
16.92,53.4093399691429,-2.9657200280382328
16.95,53.40918711305515,-2.9656796259323497
16.98,53.40909501538321,-2.9656128742117813
17.01,53.40921477056082,-2.965571400602712
17.04,53.409018044484625,-2.9653904665073005
17.07,53.409185916951714,-2.9653332923786113
17.1,53.409137719490786,-2.9653085268723967
17.13,53.409290844318235,-2.965324715350776
17.16,53.40940253161615,-2.9652852917906354
17.19,53.4093714433065,-2.9651118811682466
17.22,53.40933481566937,-2.9650695695193354
17.25,53.409156125385174,-2.96508126397216
17.28,53.40897109107926,-2.964999610825126
17.31,53.40877132717568,-2.96518278459832
17.34,53.40861577742174,-2.9653269546396115
17.37,53.40861900876764,-2.9653844392796405
17.4,53.40852737009166,-2.9651909898373487
17.43,53.408690970059524,-2.965129044901561
17.46,53.408811804846636,-2.9650011615545937
17.49,53.408709874222176,-2.9648778471303716
17.52,53.408605798871136,-2.9648529045059457
17.55,53.40854888567372,-2.964989440826643
17.58,53.408659627447086,-2.9648229041595817
17.61,53.40858510686937,-2.9646709991452833
17.64,53.408523609307,-2.9646079770007696
17.67,53.408721925144675,-2.964499148706744
17.7,53.40854419202917,-2.9645251996397026
17.73,53.40849471333246,-2.9646076269215773
17.76,53.408621167552695,-2.964631218842912
17.79,53.40870086367224,-2.9645772463882163
17.82,53.40870846198636,-2.964754833899334
17.85,53.408777676086345,-2.964598280665135
17.88,53.40864655585919,-2.9645411828974666
17.91,53.4086415315986,-2.964604789065029
17.94,53.408725702286155,-2.964414709478574
17.97,53.40853436815921,-2.9642557871752278
18.0,53.408487663615475,-2.964122247832487
18.03,53.40835754817021,-2.964035611196147
18.06,53.408197426765824,-2.964101367129745
18.09,53.40838539023762,-2.9640387209277614
18.12,53.40849919974176,-2.964054198755719
18.15,53.4084876665302,-2.964057148697916
18.18,53.408596928646936,-2.963967848774923
18.21,53.408474435887804,-2.9639916070182486
18.24,53.40849124545597,-2.9639630355601225
18.27,53.40866195383293,-2.9638271366895195
18.3,53.40852190632747,-2.9638766884017507
18.33,53.408365495328766,-2.9640661988734154
18.36,53.40819532971232,-2.96419301265927
18.39,53.40830176058374,-2.9641261240899683
18.42,53.408420908974676,-2.96421072272386
18.45,53.408283113380804,-2.9640218826161666
18.48,53.40841352334604,-2.9638431697884404
18.51,53.40822103817587,-2.963884550796437
18.54,53.40827455746269,-2.963790120964357
18.57,53.40843961770936,-2.9637750282466633
18.6,53.408395934669194,-2.963972898639629
18.63,53.40851747996685,-2.963780035469056
18.66,53.40868037854358,-2.963715128066722
18.69,53.408617368729146,-2.9638194679641283
18.72,53.40872737660392,-2.9636452962166886
18.75,53.408911507040585,-2.9637750532652487
18.78,53.408945648140104,-2.963769805957779
18.81,53.408916618211165,-2.9636520456808637
18.84,53.40909093116486,-2.9635621957522753
18.87,53.40917105350907,-2.9634859499448307
18.9,53.40923247619087,-2.9634712483516785
18.93,53.40913164247209,-2.9633594575442377
18.96,53.40897927984699,-2.963301902276879
18.99,53.40893407477271,-2.963277917260251
19.02,53.40899064931051,-2.963286347848362
19.05,53.409181886955416,-2.9633906706282045
19.08,53.408986754288655,-2.9632085674328374
19.11,53.40891155737716,-2.963297338401385
19.14,53.40887778099604,-2.963259351708202
19.17,53.40907222682234,-2.963176341833898
19.2,53.40899955490755,-2.963162466523368
19.23,53.40897902910635,-2.963161831677864
19.26,53.40894607238562,-2.9632947845327986
19.29,53.40890426601172,-2.9633391488933447
19.32,53.40878455377965,-2.9632123814240625
19.35,53.40872855014927,-2.9633517868675536
19.38,53.408755299877235,-2.9632138495030493
19.41,53.40886752430625,-2.9631650333970767
19.44,53.40895993950899,-2.9632305875661107
19.47,53.408817024091015,-2.9633285837019048
19.5,53.40875676554867,-2.9634169301934636
19.53,53.408743870110634,-2.9635573172608
19.56,53.408595974825026,-2.9636562277140426
19.59,53.408474576301785,-2.9635355474635787
19.62,53.408489599031476,-2.9636561829744315
19.65,53.40846128587367,-2.9635074167481403
19.68,53.40849233073278,-2.9634858510471904
19.71,53.408448857962064,-2.963607516071702
19.74,53.408499019997095,-2.9637766563088155
19.77,53.4086134959765,-2.9639536463677434
19.8,53.40871203490097,-2.9640005947100154
19.83,53.408784999474285,-2.9639641925483073
19.86,53.40863666974447,-2.963948791707827
19.89,53.40846633676409,-2.9640523043828444
19.92,53.408419004328664,-2.964138035915411
19.95,53.4084837080695,-2.9639433020412174
19.98,53.408426452675485,-2.963807863202085
20.01,53.4083164924124,-2.9637241308470155
20.04,53.408255580558766,-2.963709985516551
20.07,53.40809101390335,-2.963579044228977
20.1,53.407974547958425,-2.96359366312933
20.13,53.40789066627567,-2.9634695819479764
20.16,53.40792770416713,-2.963423507973687
20.19,53.408029603592645,-2.9635215493483154
20.22,53.40785290286069,-2.9633901271988323
20.25,53.40777914492064,-2.963265218748192
20.28,53.40796180068702,-2.9632135422488792
20.31,53.4078031174827,-2.963071947396565
20.34,53.4078564887321,-2.96317358771417
20.37,53.40773963754387,-2.96317049918805
20.4,53.40758826388304,-2.9630080911550793
20.43,53.40767140876004,-2.962880378282612
20.46,53.40762493696955,-2.96271110176046
20.49,53.40747851887734,-2.9626246017399014
20.52,53.40738036048719,-2.9628231490891226
20.55,53.407228717073316,-2.962942531470603
20.58,53.407334055180556,-2.9629913114867183
20.61,53.407326867437206,-2.9629458787545215
20.64,53.4072339315861,-2.962890505320789
20.67,53.40730256035821,-2.9627219576590247
20.7,53.407303707086704,-2.9625798432092543
20.73,53.40749080777514,-2.962472285043282
20.76,53.40745928450989,-2.962563493124247
20.79,53.40729837726124,-2.9624310823987914
20.82,53.407150217269105,-2.962407277239414
20.85,53.407131789556644,-2.96258933867175
20.88,53.40701752466428,-2.9624601800386072
20.91,53.40703298851068,-2.962290422188627
20.94,53.407196178104364,-2.9624528111658055
20.97,53.40726742482893,-2.962635747894264
21.0,53.40723649145725,-2.962659037916909
21.03,53.40741924055034,-2.9626209109162733
21.06,53.40729524079331,-2.9626170119935176
21.09,53.40730397234734,-2.962738182158959
21.12,53.40724786488785,-2.962587184303933
21.15,53.40744045325817,-2.962476437777261
21.18,53.40726625385983,-2.9623140871076035
21.21,53.40724963763472,-2.96218046469191
21.24,53.40712034958386,-2.9623213908328925
21.27,53.407283014497814,-2.962407181456709
21.3,53.4071002366686,-2.962406762176583
21.33,53.40729646405181,-2.9622725629519753
21.36,53.40725498390723,-2.962075333586269
21.39,53.407373651985154,-2.961938507239238
21.42,53.40743209476643,-2.9619807547066728
21.45,53.4075943786619,-2.9619925030177123
21.48,53.4077682355284,-2.9619716265893836
21.51,53.40793217851475,-2.9619807640290596
21.54,53.40790290682958,-2.9619452911033104
21.57,53.40782983101591,-2.9620855320568866
21.6,53.40786556399317,-2.9619451468881053
21.63,53.407776674492865,-2.9617991383232543
21.66,53.40789152607727,-2.9616888679799476
21.69,53.40785757815168,-2.9614893653731986
21.72,53.407973929446264,-2.9614591058546296
21.75,53.407819333433544,-2.9614295796581214
21.78,53.40762508591388,-2.9612686961827817
21.81,53.4075597648169,-2.96132135823723
21.84,53.40758011808956,-2.961266372626476
21.87,53.40761320891665,-2.9612724025396147
21.9,53.40766695101273,-2.961133545635288
21.93,53.407645434771105,-2.9611335138841346
21.96,53.407769573539255,-2.961332151456296
21.99,53.40763385773846,-2.9614021394824355
22.02,53.40751943269365,-2.9612437355029546
22.05,53.4073787191825,-2.96140058079718
22.08,53.40730559956858,-2.9613971244954285
22.11,53.40743419191179,-2.961198864061929
22.14,53.40757493978456,-2.9611553290220023
22.17,53.40738998054493,-2.9613299432256714
22.2,53.4074422749758,-2.9612019903019253
22.23,53.4073484799378,-2.9610143026981026
22.26,53.40736863485887,-2.9609847942183114
22.29,53.40741608362535,-2.961154828538342
22.32,53.407284238880976,-2.960980351619906
22.35,53.40719115696683,-2.9611470344022988
22.38,53.40710412854254,-2.9610565759298053
22.41,53.407009251970756,-2.9611723432624224
22.44,53.40692010373162,-2.9611801746152313
22.47,53.40701512336871,-2.961259645429139
22.5,53.40716452721739,-2.96106929246115
22.53,53.40729333376534,-2.961239242286107
22.56,53.40721951719273,-2.9610689279702633
22.59,53.40736327095234,-2.9612156266536585
22.62,53.407340160690225,-2.961270049685468
22.65,53.40743914855578,-2.9614585658284645
22.68,53.4073653393416,-2.961358653992187
22.71,53.407520087410525,-2.9615424034542346
22.74,53.40755542878272,-2.9614769600349287
22.77,53.40770459552924,-2.9615071282637206
22.8,53.40789381540309,-2.9616281579499546
22.83,53.40773972044952,-2.9617761397486815
22.86,53.4077744099609,-2.961927163548692
22.89,53.40768104868588,-2.9620486428877513
22.92,53.40750316615269,-2.961863689581267
22.95,53.407437136302825,-2.9616780832756247
22.98,53.40752642990897,-2.961790175580076
23.01,53.40769944858094,-2.9619864347806075
23.04,53.40789211050855,-2.9621735290334192
23.07,53.407793435847324,-2.9621527461543056
23.1,53.40759710695173,-2.9620468614268054
23.13,53.40743096862915,-2.96192002688771
23.16,53.40724501037167,-2.9619087638027017
23.19,53.407128785160175,-2.96199325817518
23.22,53.407124978925296,-2.962044706984312
23.25,53.407081770948906,-2.9619833347933793
23.28,53.40695986750436,-2.9621107342999853
23.31,53.407033625107005,-2.9621919491572197
23.34,53.40720680718197,-2.9622214531207685
23.37,53.40719641562882,-2.9624121850232266
23.4,53.407004677839694,-2.9625702778895904
23.43,53.40705492907797,-2.962504460525673
23.46,53.407235808101184,-2.962531472752173
23.49,53.40731887632771,-2.9625940318968524
23.52,53.40714850110171,-2.9626259577175746
23.55,53.40722915083381,-2.9625042681878746
23.58,53.4074099442707,-2.9623713990139664
23.61,53.407435390026,-2.96235125262037
23.64,53.407435828101825,-2.9623602100135393
23.67,53.40750802472175,-2.962329927495554
23.7,53.407650889452015,-2.9623498978332914
23.73,53.40763935941677,-2.962217066112974
23.76,53.40770961392389,-2.962207285714064
23.79,53.40773499252593,-2.9620850040959565
23.82,53.40777794532734,-2.9621813439348923
23.85,53.40770204261206,-2.96213950194884
23.88,53.40752038184898,-2.9621564714047453
23.91,53.40767714459304,-2.9622636138844394
23.94,53.40765480701096,-2.9621838120493913
23.97,53.407825008522146,-2.962105302760399
24.0,53.40787534067244,-2.9621517447747885
24.03,53.407850284384956,-2.962094966000792
24.06,53.40779281234035,-2.961981017485986
24.09,53.407596088587894,-2.961880450438566
24.12,53.40769290729147,-2.961957874415289
24.15,53.40749889160473,-2.9620226109058105
24.18,53.40753456593198,-2.961907832077714
24.21,53.40768271241841,-2.9620244068130077
24.24,53.40751540715254,-2.962176452364929
24.27,53.407711026472874,-2.9621182776920087
24.3,53.407562372410666,-2.9620419715894517
24.33,53.40774616355161,-2.9619989967647227
24.36,53.407639192389134,-2.961814040954283
24.39,53.40771941374019,-2.96194084725291
24.42,53.40782590091231,-2.9619391773967494
24.45,53.40785551810756,-2.961992862503675
24.48,53.40777301871785,-2.962024687873489
24.51,53.4077835796088,-2.962040110668276
24.54,53.40793008586722,-2.962210428452406
24.57,53.407809681592184,-2.9620354263625726
24.6,53.407852824820004,-2.961988414447006
24.63,53.40790472479621,-2.962091016393261
24.66,53.407862596484755,-2.9622069570278042
24.69,53.40772338977942,-2.962011152121021
24.72,53.40782091542288,-2.9618594972208276
24.75,53.4076215007158,-2.961777708827904
24.78,53.40754440554233,-2.961778544538159
24.81,53.407614506112495,-2.96196606978373
24.84,53.407562809840115,-2.9619445115933187
24.87,53.40771256112722,-2.961939228823252
24.9,53.407639594423266,-2.9618977245292393
24.93,53.407673039193384,-2.9619808090236797
24.96,53.407692259875354,-2.962070359872195
24.99,53.40749677706951,-2.962146069680806
25.02,53.40733134940749,-2.9621493131804577
25.05,53.4073318089689,-2.962001224407548
25.08,53.407430971620926,-2.961901473218276
25.11,53.40762682938996,-2.9619956020313136
25.14,53.40757592362522,-2.9621033791796374
25.17,53.40741691835163,-2.9620972875267846
25.2,53.40742144971179,-2.9622453975550154
25.23,53.407590466117874,-2.9620539961840002
25.26,53.40741778845258,-2.9622527277832345
25.29,53.407242507370256,-2.9621600356145343
25.32,53.40738351592919,-2.9623335689765207
25.35,53.407187100844695,-2.962318390318932
25.38,53.40712018539754,-2.9625108951581987
25.41,53.4069237050952,-2.962626351410091
25.44,53.40680374901091,-2.9627082061541032
25.47,53.40682401531291,-2.9628076542750286
25.5,53.406717421934076,-2.9629233547333422
25.53,53.40687222234333,-2.9630279181991455
25.56,53.40689435440833,-2.9630468648377435
25.59,53.40682691639098,-2.9630841607719445
25.62,53.40663331288896,-2.9632101416334127
25.65,53.40668936851551,-2.9631055466929146
25.68,53.406576716443865,-2.9632349348515215
25.71,53.40673899348019,-2.963395822763262
25.74,53.40685693765613,-2.963244602001348
25.77,53.406715457186614,-2.963111412244349
25.8,53.40657547986329,-2.9632941694588126
25.83,53.40648997322727,-2.96335644015361
25.86,53.40652578930692,-2.9633794314496624
25.89,53.40664317212606,-2.9633135246949744
25.92,53.40649084971768,-2.9634325775758157
25.95,53.40658931488832,-2.963586203519812
25.98,53.40677036903576,-2.963461579551382
26.01,53.406658303669666,-2.9635471349864613
26.04,53.406559153633474,-2.9635779973659195
26.07,53.406458609489924,-2.963765092162446
26.1,53.40635931636455,-2.963887172663389
26.13,53.40629928603937,-2.963905466760084
26.16,53.40644901092496,-2.9638416443718305
26.19,53.406495203816505,-2.963695832764354
26.22,53.406449817195416,-2.963725395205072
26.25,53.406347615235426,-2.96359331437745
26.28,53.40649855951409,-2.9634289828006897
26.31,53.406540530114725,-2.9635834475037734
26.34,53.40636943758296,-2.963464433701255
26.37,53.406523623999455,-2.9634515261476304
26.4,53.40669193096996,-2.9632792169923596
26.43,53.406793831400975,-2.963330999161078
26.46,53.406776368176935,-2.963390245530333
26.49,53.406734788119664,-2.9634017193841857
26.52,53.406541632268805,-2.9635507815250604
26.55,53.406408838533245,-2.9635240554605966
26.58,53.40655748227887,-2.9634394971354046
26.61,53.406417280341216,-2.963456423562158
26.64,53.406468202020214,-2.9636023471463777
26.67,53.40630007756146,-2.963557531816904
26.7,53.40619424891074,-2.963499508854944
26.73,53.40606286615414,-2.963357146789411
26.76,53.4059867622823,-2.963385803268668
26.79,53.40600674878469,-2.9632312640845457
26.82,53.40617329975509,-2.9630933471138285
26.85,53.406247106140235,-2.963265671998705
26.88,53.40612182191691,-2.9632518293980166
26.91,53.40631587292647,-2.963161370793457
26.94,53.40619253837457,-2.9632189719093533
26.97,53.40637752431433,-2.963215873511102
27.0,53.40652565160301,-2.963072675468437
27.03,53.406638358077984,-2.9630218588257646
27.06,53.406704695464875,-2.9630850279902607
27.09,53.40655286153779,-2.9629056036615298
27.12,53.40636591366449,-2.9629972496775157
27.15,53.40641147205067,-2.9628112769875345
27.18,53.406295539204784,-2.96291248918258
27.21,53.4064347023839,-2.962981662761309
27.24,53.406395884505066,-2.9630377666888843
27.27,53.40621566587175,-2.9628610379178815
27.3,53.40629475802139,-2.9630583075566723
27.33,53.4061336157734,-2.9632041258997672
27.36,53.40608117047349,-2.9630479970901167
27.39,53.40593751433341,-2.9631567664858394
27.42,53.40586209179183,-2.963152488724531
27.45,53.406022527664774,-2.9631367058330182
27.48,53.40618394945807,-2.963119935020777
27.51,53.40615679910983,-2.9629713495866996
27.54,53.40618913321256,-2.9629813587914957
27.57,53.40619411366898,-2.9630391068016677
27.6,53.40616735421081,-2.963209443366218
27.63,53.40604944075672,-2.963104244755965
27.66,53.40590287451406,-2.9632209453604594
27.69,53.405768311954596,-2.963275792645063
27.72,53.40558802722137,-2.963331660871107
27.75,53.40563190499358,-2.9632604710929695
27.78,53.405778843732435,-2.9634256400207546
27.81,53.40583637287391,-2.9635471143714405
27.84,53.40577334291162,-2.963517062631356
27.87,53.405908524215945,-2.9634488191912443
27.9,53.406102643779434,-2.96364164003167
27.93,53.406029079878515,-2.963649494873164
27.96,53.40584356211413,-2.963828545834738
27.99,53.40579027102728,-2.9638048824469942
28.02,53.405644477036454,-2.9639775600905582
28.05,53.40557201161568,-2.9638809511927136
28.08,53.40559888080742,-2.963682229461076
28.11,53.405640922491564,-2.9635260711604863
28.14,53.40567007811276,-2.963533703134891
28.17,53.40563629624112,-2.9637051068372036
28.2,53.405461468701176,-2.963641744084868
28.23,53.40560513782758,-2.963834124796335
28.26,53.405477228503734,-2.963903137917386
28.29,53.40540245587835,-2.963769459392244
28.32,53.40530341570348,-2.9638469739722786
28.35,53.40529844936227,-2.9636666510748086
28.38,53.40521625534439,-2.963613169325242
28.41,53.405035695098626,-2.9636405932809486
28.44,53.405206580332546,-2.9637536313193267
28.47,53.4051491649776,-2.963691973417566
28.5,53.405175381557555,-2.9636615607994017
28.53,53.405218802642004,-2.9635914061856314
28.56,53.40514786820968,-2.9636507197150794
28.59,53.40510667068429,-2.9636417849021033
28.62,53.405133471351625,-2.9634921987455196
28.65,53.40509180580945,-2.963512499672831
28.68,53.40522486758645,-2.9633240696982215
28.71,53.40512202581293,-2.9632318976249774
28.74,53.405021070562306,-2.9631354494983317
28.77,53.40483648150569,-2.9631325981120478
28.8,53.40486447298379,-2.963052761557737
28.83,53.40503128520854,-2.962934723445304
28.86,53.40505651738862,-2.962935853542223
28.89,53.404861807889105,-2.962914787273766
28.92,53.404886697664715,-2.9628179465361533
28.95,53.40475285688503,-2.962782481935313
28.98,53.404573489923436,-2.962692122064616
29.01,53.404702133288204,-2.9627170116016
29.04,53.404777207682685,-2.9626520873807203
29.07,53.404698647103416,-2.962816789332934
29.1,53.40480184617969,-2.9628739586445905
29.13,53.404666396708016,-2.9628970759695075
29.16,53.40479957314517,-2.9627154013836763
29.19,53.40482650863714,-2.962527458828701
29.22,53.40469587856589,-2.96253129185595
29.25,53.404499229436425,-2.9626377052475266
29.28,53.4046498535704,-2.9628139477795292
29.31,53.40471162565214,-2.9628101312666812
29.34,53.404906656452845,-2.9626126927450995
29.37,53.40475599289315,-2.9627078633230477
29.4,53.40495256036349,-2.9627758857406774
29.43,53.40482475180397,-2.9626111766413206
29.46,53.404871640562305,-2.962687913519971
29.49,53.40489339520773,-2.9627169506961386
29.52,53.404876589176,-2.9626961010619945
29.55,53.40474450042099,-2.9626498596638173
29.58,53.404926567914515,-2.962613043743814
29.61,53.405041567781616,-2.9627000294073667
29.64,53.404903406085666,-2.962897454007451
29.67,53.40509593363714,-2.9630498291380287
29.7,53.40504793957696,-2.9629879398397305
29.73,53.40514177939871,-2.962940686803567
29.76,53.40511760446841,-2.962814713294216
29.79,53.40509454838259,-2.9626805918100363
29.82,53.40491615831801,-2.9625917876302865
29.85,53.40475507757773,-2.9626367634053574
29.88,53.40473243256737,-2.9627639685671823
29.91,53.404712011916295,-2.9626228108101578
29.94,53.404526575055336,-2.962745243593562
29.97,53.40471682125766,-2.9627652570436833
30.0,53.40467271554993,-2.9626001982659074
30.03,53.40478306476924,-2.9627307889853634
30.06,53.40482221919532,-2.9628586270489685
30.09,53.40493250741008,-2.9628360539472673
30.12,53.405051943327436,-2.9630100829548947
30.15,53.405223145821786,-2.963118158530587
30.18,53.40536305837438,-2.9631415195329867
30.21,53.4055185985419,-2.9633008627953363
30.24,53.405340115838776,-2.963313547479499
30.27,53.40551230315939,-2.963327421907976
30.3,53.4055152918975,-2.963461745113324
30.33,53.405531704894344,-2.963490862170399
30.36,53.40568687049695,-2.963394481674803
30.39,53.40567797555427,-2.963534899714603
30.42,53.40553635750021,-2.9633464004065617
30.45,53.405580763882035,-2.9634564113947164
30.48,53.40570515476424,-2.9635699627405208
30.51,53.40568675245199,-2.9634190923036265
30.54,53.405528113535674,-2.9635779116499794
30.57,53.40534914670784,-2.9637172302443475
30.6,53.405298959360195,-2.9637885720392627
30.63,53.405211008374756,-2.963982906935507
30.66,53.40520585557621,-2.9640047589361553
30.69,53.40530217491106,-2.9640835204731006
30.72,53.40533464957606,-2.9641582620337705
30.75,53.40543584743061,-2.964288603807697
30.78,53.40543158767494,-2.964310292554646
30.81,53.40541508322064,-2.964295047176261
30.84,53.40542953844467,-2.9643685080919617
30.87,53.40555918153473,-2.964187913508579
30.9,53.405582784550674,-2.9641337151232774
30.93,53.405672242415974,-2.964205792002533
30.96,53.4057091585998,-2.9642207556105498
30.99,53.405702931546664,-2.964263100297464
31.02,53.40571743522507,-2.9643758463956065
31.05,53.40561384444021,-2.9644957820993048
31.08,53.40565163967374,-2.9645976503590576
31.11,53.40576389152268,-2.964435529985154
31.14,53.40586778228162,-2.9645042174824723
31.17,53.4060448365081,-2.9645665042040608
31.2,53.40598946268625,-2.9645283927054638
31.23,53.406053733456424,-2.964564857249971
31.26,53.40616839982271,-2.9644234470958875
31.29,53.406083842703424,-2.9645336061731933
31.32,53.40604281873674,-2.9644541628812173
31.35,53.40611074775063,-2.964583911973652
31.38,53.40606622686782,-2.964423168385537
31.41,53.4062501888504,-2.964381478343567
31.44,53.40636223592846,-2.9642455569579975
31.47,53.4062511130915,-2.9644192044516493
31.5,53.40629565651372,-2.9644653278096493
31.53,53.40637995751119,-2.9645478562425676
31.56,53.406353542455214,-2.9644245397955746
31.59,53.406190841548245,-2.964461403033337
31.62,53.40605213814868,-2.9644479574152114
31.65,53.40614524643559,-2.9642530825051567
31.68,53.406246633511195,-2.9643953822038207
31.71,53.40622143595853,-2.9643785065765673
31.74,53.406276540413714,-2.9642981695721353
31.77,53.40646586323484,-2.96412128663179
31.8,53.406349287523454,-2.9642579330152996
31.83,53.406537300253156,-2.964393724674762
31.86,53.406724590561474,-2.964545789819414
31.89,53.40675857075379,-2.9646938366871685
31.92,53.40661209039569,-2.964760303219498
31.95,53.40672958824734,-2.964679397589264
31.98,53.40665649773159,-2.9648245623292877
32.01,53.40659994839938,-2.9649549018974666
32.04,53.40649395587265,-2.9649561217733016
32.07,53.40648944519291,-2.9647870768922813
32.1,53.406325348998806,-2.9647739204083066
32.13,53.406351273252255,-2.964916812440545
32.16,53.40629547912857,-2.965061664291174
32.19,53.40645293612781,-2.9651222475339982
32.22,53.40627887682734,-2.9651321774173893
32.25,53.406290491666965,-2.9649772877169855
32.28,53.40637812613874,-2.9650948326252435
32.31,53.40654146704941,-2.9652928095132967
32.34,53.40662034456194,-2.9654759463988594
32.37,53.406748218633886,-2.965600187163621
32.4,53.406867132558894,-2.9654748195764022
32.43,53.40697572584653,-2.9656307595939024
32.46,53.40693583838645,-2.9657888405965984
32.49,53.407023290356825,-2.9655912159383218
32.52,53.407032382004424,-2.96553043008898
32.55,53.40709920486192,-2.9656733432533837
32.58,53.407047789512816,-2.965733784512135
32.61,53.407148038676276,-2.965769230060919
32.64,53.4070952573804,-2.9657496308558935
32.67,53.40697763396241,-2.965923514022371
32.7,53.406872834653754,-2.966115175004023
32.73,53.406940619372605,-2.9661324705857677
32.76,53.40698727924884,-2.966105369477052
32.79,53.40680895562581,-2.965979339175539
32.82,53.40693650458426,-2.9661763046522776
32.85,53.40690857870804,-2.9660620149743044
32.88,53.406874757071996,-2.9659181002114625
32.91,53.406952838559924,-2.965853848316588
32.94,53.40711514524541,-2.965742265422436
32.97,53.40714913186974,-2.9659233449188607
33.0,53.407130921023935,-2.9658478494644314
33.03,53.407140185485225,-2.9658139548538474
33.06,53.40707992650995,-2.965677478114018
33.09,53.40697810189148,-2.9656216624675946
33.12,53.406952803269085,-2.9657621668999
33.15,53.40676043404157,-2.9659101990193215
33.18,53.406675720120695,-2.96592125303258
33.21,53.406486426108756,-2.966094398306652
33.24,53.40660499025843,-2.9659023045153172
33.27,53.40657739352871,-2.965914389280918
33.3,53.40661847137351,-2.966075641743398
33.33,53.40663394495342,-2.9660060345460333
33.36,53.4068116539559,-2.9659487678976153
33.39,53.40682961460846,-2.965984719117884
33.42,53.40699434349435,-2.9659753792209074
33.45,53.40698537982252,-2.9658818693074713
33.48,53.406960525779745,-2.966054968279283
33.51,53.40699725872641,-2.9659085626369595
33.54,53.40694498411215,-2.9660700924600394
33.57,53.40678726904751,-2.96590755953981
33.6,53.40663170507221,-2.9658458789439623
33.63,53.40646670797735,-2.965840931152172
33.66,53.40663118511398,-2.96594714253405
33.69,53.40655413429246,-2.9659025986834435
33.72,53.40658352428014,-2.965878405806931
33.75,53.40654033857408,-2.9660620480939763
33.78,53.40657843253445,-2.9661513414847605
33.81,53.40662660211896,-2.9661761868845606
33.84,53.40653404936441,-2.9659778712853897
33.87,53.4064627043444,-2.965789452161057
33.9,53.406453788322345,-2.965775846014916
33.93,53.4063613412069,-2.9659063211403924
33.96,53.40644379969238,-2.96592410367268
33.99,53.40647786714013,-2.9660510661278305
34.02,53.406481853594066,-2.9659875916771297
34.05,53.40658575675645,-2.9659209727378117
34.08,53.40655127213751,-2.9658468741282453
34.11,53.4065900207517,-2.965855912380623
34.14,53.406642141196535,-2.965933367722388
34.17,53.406467408094194,-2.9660742334789783
34.2,53.40665649596438,-2.96591714995536
34.23,53.40678730952534,-2.9660134807654135
34.26,53.406922850518285,-2.9658976571836457
34.29,53.40693933473378,-2.965976462826553
34.32,53.406782067391276,-2.96577734774054
34.35,53.40698157715039,-2.965636983466044
34.38,53.40695987860538,-2.965545127169476
34.41,53.407124076590684,-2.965528331890774
34.44,53.40697412774253,-2.9653378242224737
34.47,53.406989221141224,-2.9652299735896017
34.5,53.4070382259219,-2.965404063930976
34.53,53.4070230127521,-2.9655992738613763
34.56,53.40692937276357,-2.9654146595144493
34.59,53.40700595706105,-2.965388382799643
34.62,53.406850774509,-2.965314286595832
34.65,53.40689295262312,-2.965259301508629
34.68,53.40696828645852,-2.965088143102826
34.71,53.40694723186606,-2.9650437421858373
34.74,53.40695913623787,-2.965008132666732
34.77,53.40703087348571,-2.9651329470931254
34.8,53.40685309178348,-2.965286414501525
34.83,53.40667017572076,-2.9652643769044356
34.86,53.40659221931176,-2.9651505182308613
34.89,53.406456979142995,-2.9652904452061475
34.92,53.40660322183671,-2.9654545767357656
34.95,53.406544375464044,-2.9653785567100344
34.98,53.40656946080429,-2.9654718286282877
35.01,53.40642333942839,-2.9654407312882634
35.04,53.40632258751005,-2.965298295008621
35.07,53.40622852865087,-2.965125056063638
35.1,53.40603723290321,-2.9650806886430687
35.13,53.40595016901503,-2.965090843616272
35.16,53.40592477580867,-2.964967202709259
35.19,53.40579888065186,-2.96486008258373
35.22,53.40561249939507,-2.9648053868762267
35.25,53.405741968720484,-2.9648336231075736
35.28,53.405881599447696,-2.964891709988792
35.31,53.405823590027396,-2.9647273748149816
35.34,53.40601974900329,-2.9646117004139785
35.37,53.405911532508405,-2.964434755561926
35.4,53.40585774685072,-2.964287690067131
35.43,53.40578649852446,-2.964400633927367
35.46,53.40568958165266,-2.9643242607290623
35.49,53.40588140561411,-2.9643158797098828
35.52,53.40572428445789,-2.9642419924280707
35.55,53.405883707007284,-2.9641293846223062
35.58,53.40568444185647,-2.9642045102591745
35.61,53.40579505249888,-2.9641239723102943
35.64,53.405993484837055,-2.9639646981935144
35.67,53.406112773731984,-2.96388887860987
35.7,53.40606499336623,-2.9640748769370435
35.73,53.406172259259996,-2.96409205239829
35.76,53.406318259386076,-2.9642393406813055
35.79,53.40646112166577,-2.9641811671675975
35.82,53.40661557250641,-2.9641006556583434
35.85,53.40659003439926,-2.964094247159657
35.88,53.40642937728025,-2.9641972528803566
35.91,53.406459354071735,-2.964326140404078
35.94,53.40640274924739,-2.964268868956472
35.97,53.406440648084825,-2.9641113388226743
36.0,53.4064139297616,-2.964089881177461
36.03,53.406382667208376,-2.9639879316346294
36.06,53.4064329397518,-2.9638097917249184
36.09,53.40628953165425,-2.9639589102912507
36.12,53.406206523386935,-2.9639124082928556
36.15,53.40626193458297,-2.964031781687112
36.18,53.40617050101759,-2.9639936116670613
36.21,53.406076252849445,-2.9638616559755833
36.24,53.40591889090192,-2.9637486082865525
36.27,53.405780103023055,-2.963662927749514
36.3,53.40589294391769,-2.9634855594761595
36.33,53.40605377422076,-2.9636757650216996
36.36,53.4061181897553,-2.9635115975129276
36.39,53.40622630132569,-2.9635299253622414
36.42,53.406326410721356,-2.9636162889217883
36.45,53.40644764425046,-2.9636537524714464
36.48,53.40663600623013,-2.963842596277597
36.51,53.40666909130133,-2.963990617767649
36.54,53.406775546819816,-2.963802416869504
36.57,53.40677233225132,-2.9636658855589113
36.6,53.40666553798793,-2.9638546283116542
36.63,53.40678683169679,-2.963890410653013
36.66,53.406620448562215,-2.963821308434148
36.69,53.406780893157,-2.9639877934478305
36.72,53.40682520988702,-2.964048748522947
36.75,53.4066421871378,-2.9642194602762326
36.78,53.40646032540813,-2.9642967786753207
36.81,53.40638347841245,-2.964281797842176
36.84,53.406431774197515,-2.9641416234493363
36.87,53.40657426655968,-2.964273170775519
36.9,53.40662532618529,-2.9641225072341832
36.93,53.40652528960392,-2.9640813035141123
36.96,53.40672059969365,-2.9640275482850793
36.99,53.406801206235336,-2.9641032330829726
37.02,53.40699821312643,-2.963970652464304
37.05,53.406927317286836,-2.9640499337628587
37.08,53.40672923671035,-2.9640574731297815
37.11,53.40687860128507,-2.963943507602872
37.14,53.40673762249566,-2.964046836460112
37.17,53.40660211666765,-2.9641429821156287
37.2,53.406483147030904,-2.9642769853769133
37.23,53.4065044188914,-2.9641112863247128
37.26,53.406646262090646,-2.9640627545508056
37.29,53.40657274008433,-2.963899415914332
37.32,53.40645715031711,-2.9640839433489026
37.35,53.406343552513995,-2.9639679176831644
37.38,53.40642382554587,-2.9640435972989843
37.41,53.4063117520729,-2.963988694789266
37.44,53.406316359383744,-2.9638710562500363
37.47,53.406294696738215,-2.964037687110995
37.5,53.406122878341236,-2.964145325907802
37.53,53.40613230996703,-2.964059428119909
37.56,53.40615476074926,-2.964255518411049
37.59,53.40633594441277,-2.9642722539843622
37.62,53.40635208188787,-2.9643953703046875
37.65,53.40624943754958,-2.964509698657738
37.68,53.40629201902226,-2.9643462275541053
37.71,53.40619766565016,-2.9644064461706336
37.74,53.40611266197031,-2.9645948124738557
37.77,53.40591686276449,-2.9644824229097737
37.8,53.406107870823995,-2.964665467113275
37.83,53.40593863572657,-2.9646846052835714
37.86,53.40586032678698,-2.9647859519203643
37.89,53.40600823466428,-2.9649087250847854
37.92,53.40588610541064,-2.9647463116988706
37.95,53.4059353779109,-2.964671894725029
37.98,53.40600272239158,-2.9648615791654023
38.01,53.406193898945325,-2.9650500734913994
38.04,53.40608486163195,-2.965059986610558
38.07,53.40621990826464,-2.964880206044114
38.1,53.40602344469531,-2.9650248509957478
38.13,53.4058298356003,-2.9651700013850606
38.16,53.40599533734856,-2.965336119355654
38.19,53.40601100226358,-2.965458182469706
38.22,53.40581416716455,-2.965546297904496
38.25,53.40571774296934,-2.965529181818652
38.28,53.405867250156355,-2.9655171455650553
38.31,53.405880561087876,-2.9656055674102277
38.34,53.40575253866079,-2.965613851643551
38.37,53.40571012835605,-2.9654531646570517
38.4,53.40559343692621,-2.9656429105853475
38.43,53.4054141055039,-2.9657160483242166
38.46,53.405301651218636,-2.9657572893082964
38.49,53.405453756661544,-2.9656660217051534
38.52,53.4054911137191,-2.9655332454552004
38.55,53.40564274283261,-2.9657072709198595
38.58,53.4057183986805,-2.965854827413871
38.61,53.405682703185924,-2.965898982691051
38.64,53.405591342472654,-2.9660812301830735
38.67,53.4054690632587,-2.965998683867343
38.7,53.40565199284994,-2.9658348560322665
38.73,53.40546114411178,-2.9658070283364593
38.76,53.40533743014915,-2.965798679642789
38.79,53.40535086166808,-2.96593372560563
38.82,53.40518603372586,-2.965941556773314
38.85,53.40500707995206,-2.9658051339442744
38.88,53.40516254979664,-2.965999191152124
38.91,53.4052828954997,-2.9658637137554384
38.94,53.40509879332419,-2.965828850478867
38.97,53.40508874587638,-2.96595876306108
39.0,53.405216265040515,-2.9659322413680034
39.03,53.405341201828776,-2.965758194517478
39.06,53.405529153595815,-2.9656931464624106
39.09,53.405678300493086,-2.96586776723642
39.12,53.40561346012418,-2.965877831529883
39.15,53.405618344804274,-2.9659308031777636
39.18,53.40574513956527,-2.965897873226072
39.21,53.40588378941025,-2.9659206440950294
39.24,53.40606049783256,-2.9659783004773925
39.27,53.40625777957407,-2.965951771158616
39.3,53.40620867044566,-2.9659035197566395
39.33,53.40605117313556,-2.965828768242837
39.36,53.40609110906602,-2.965706691921162
39.39,53.40592138716468,-2.965738897786321
39.42,53.40595588279403,-2.965914565802462
39.45,53.40606093019123,-2.965754400855816
39.48,53.40611120772431,-2.965648736352397
39.51,53.40628897813698,-2.965666872983793
39.54,53.406293739374156,-2.965511596681291
39.57,53.406364445312605,-2.9656009193828563
39.6,53.40640021027958,-2.965493961155654
39.63,53.40653788255886,-2.9656420434698716
39.66,53.40640472746456,-2.9655670585817004
39.69,53.40649111958243,-2.965475241643052
39.72,53.40648682589553,-2.965521747830289
39.75,53.40667099437289,-2.96561985167803
39.78,53.40658570043395,-2.9658099304683208
39.81,53.406419484958526,-2.9657598240695164
39.84,53.406484567738595,-2.965872260261869
39.87,53.40658060289747,-2.9660040855585823
39.9,53.40652939135975,-2.965949387798198
39.93,53.406640324484655,-2.965968256471446
39.96,53.40676366785008,-2.9659794358808766
39.99,53.406829232082686,-2.9658460326717186
40.02,53.40685430931984,-2.965821022219796
40.05,53.40702747804959,-2.9660074115734907
40.08,53.40683497504516,-2.9661928526136827
40.11,53.406759348863126,-2.9661778072435885
40.14,53.406806501795764,-2.9661052525946605
40.17,53.40661331735877,-2.9659556989102414
40.2,53.406508330514846,-2.965768729131625
40.23,53.406446663620095,-2.965630816539571
40.26,53.40653172996262,-2.9658216511648137
40.29,53.40653655520955,-2.9658641686535523
40.32,53.4067339091036,-2.965971377653301
40.35,53.406691914880724,-2.966101684805214
40.38,53.40649379019322,-2.966086325982223
40.41,53.40654182243983,-2.966221302765504
40.44,53.406676833047136,-2.9663324572001404
40.47,53.406851775618826,-2.9662630965132446
40.5,53.40704027963808,-2.9662879429800575
40.53,53.407175635662114,-2.9662458525556294
40.56,53.40726162350532,-2.9662816410577313
40.59,53.407266176458045,-2.966372893556231
40.62,53.40720097605938,-2.966202674340409
40.65,53.40703229576842,-2.966069808554656
40.68,53.407132285711384,-2.966205007955745
40.71,53.40710451263855,-2.9660708892600587
40.74,53.40710803994539,-2.9660677669341355
40.77,53.40710955190549,-2.96619899884929
40.8,53.40730583817376,-2.966099661648525
40.83,53.40722006695867,-2.9661607347671635
40.86,53.40730312028366,-2.966012687750908
40.89,53.40732371963809,-2.966098145730825
40.92,53.4072672529053,-2.9660802636465387
40.95,53.40742178754536,-2.9659986934637055
40.98,53.40731200500833,-2.966190669316993
41.01,53.40737498184868,-2.9662853484827467
41.04,53.40752563547736,-2.966421167550511
41.07,53.40772415470955,-2.9663008624874188
41.1,53.40762510003174,-2.9664945785271977
41.13,53.407753393595115,-2.966650372324513
41.16,53.40761421899401,-2.9666966275045836
41.19,53.40748325071259,-2.9668587025608133
41.22,53.4075029331132,-2.9667967907022894
41.25,53.407617060439286,-2.96697363140318
41.28,53.40743757783481,-2.96698469311959
41.31,53.40753425803384,-2.9671015468146376
41.34,53.407572455466116,-2.967257333986541
41.37,53.40773191670605,-2.967107917550637
41.4,53.40790645850921,-2.967152287947698
41.43,53.4077395052025,-2.9670252742085723
41.46,53.407716059773776,-2.9670854769919486
41.49,53.4076870141098,-2.96700180417071
41.52,53.40777824121728,-2.967027471639654
41.55,53.40768485509227,-2.9671671299808917
41.58,53.40750599278082,-2.9669822430444905
41.61,53.40769290415031,-2.967155332373998
41.64,53.40773010822157,-2.9669660740330497
41.67,53.40776046606492,-2.9667778077939517
41.7,53.40761858990312,-2.9666900718134577
41.73,53.407755102768625,-2.966844236400325
41.76,53.40763683742137,-2.9666655701165254
41.79,53.40753009555299,-2.966618960218532
41.82,53.4076947999343,-2.96653443429611
41.85,53.40780402142314,-2.9666148154118694
41.88,53.407943840108636,-2.9667594945241644
41.91,53.4079038222458,-2.966763831184219
41.94,53.407985389639876,-2.9669501962684732
41.97,53.40781546939514,-2.9670029470787127
42.0,53.40767772988047,-2.9668390803460074
42.03,53.407655195600974,-2.966803382777732
42.06,53.407625652131415,-2.9666596769944302
42.09,53.40779588669978,-2.9664995419626683
42.12,53.407628338346086,-2.9664551834080224
42.15,53.407739122829454,-2.966288168416239
42.18,53.4077615857242,-2.966300200975909
42.21,53.40763205307138,-2.966496936190902
42.24,53.40744168457456,-2.96658550677319
42.27,53.40752980625238,-2.966624603814935
42.3,53.40754655378817,-2.9667160690088674
42.33,53.4077358734371,-2.966547928836859
42.36,53.4076414811391,-2.966594209274957
42.39,53.40748363551593,-2.9666360926587574
42.42,53.407380200300786,-2.9665454424646667
42.45,53.40730528337516,-2.9664710876712266
42.48,53.407115903309446,-2.9663883796421393
42.51,53.40717083503964,-2.9664722153174234
42.54,53.40727925213834,-2.9663265410114756
42.57,53.40744156417812,-2.9662487473280037
42.6,53.40741721103252,-2.966214821985414
42.63,53.40752202538173,-2.9662885186347276
42.66,53.407675372712205,-2.966173849185422
42.69,53.40775310773077,-2.9660702481269037
42.72,53.40757358421383,-2.9659450489499855
42.75,53.40755223591282,-2.9658704604852177
42.78,53.40761252011938,-2.9659010461544786
42.81,53.407706821906764,-2.965757960032307
42.84,53.40790459798857,-2.9659509572047473
42.87,53.40807056322659,-2.9658409309627385
42.9,53.408108822889005,-2.96573603081133
42.93,53.408048118416865,-2.9657742298941385
42.96,53.40786436090353,-2.965602868415154
42.99,53.40798728637664,-2.9655962977013326
43.02,53.40803232895525,-2.9654667398484524
43.05,53.40789880478708,-2.965438631670465
43.08,53.4079880333316,-2.9654055220567757
43.11,53.408178724569034,-2.9655029960663457
43.14,53.40825046399241,-2.9653913588141285
43.17,53.40820678206848,-2.965215256704597
43.2,53.408171591712446,-2.965356672487394
43.23,53.40803974759556,-2.9653994238128303
43.26,53.408234529140145,-2.965233457315301
43.29,53.40839437077289,-2.9651681876569573
43.32,53.408395702873804,-2.9651112513926834
43.35,53.40843777235538,-2.9649293601342768
43.38,53.40839494322705,-2.964972629540568
43.41,53.408486633016445,-2.964851117834972
43.44,53.40858236321176,-2.964987282986442
43.47,53.40863579406386,-2.965079749080375
43.5,53.408545461577006,-2.9651775697111473
43.53,53.40834898965631,-2.965329732633072
43.56,53.408417711823695,-2.9652113651523115
43.59,53.40826045806499,-2.965032686019399
43.62,53.408246789108354,-2.9649197027382703
43.65,53.40806339907578,-2.965087729921361
43.68,53.40818921717317,-2.965249123415586
43.71,53.40800419466579,-2.965186098363891
43.74,53.407821723134916,-2.9652201215351175
43.77,53.407947779807095,-2.965374503742958
43.8,53.4080848299166,-2.965210455198225
43.83,53.40827485416971,-2.96516479743348
43.86,53.40840339010864,-2.965301104698236
43.89,53.408433039129335,-2.9651509480274747
43.92,53.40857925071159,-2.965282309797055
43.95,53.40871073763888,-2.9653230894537432
43.98,53.40871572861828,-2.965204188977153
44.01,53.40878303000539,-2.9652737982271917
44.04,53.408925416093375,-2.96510148977438
44.07,53.40904883538938,-2.9652815710436555
44.1,53.40885490501621,-2.9652513765098965
44.13,53.408694675459806,-2.9654165278854268
44.16,53.40884315957261,-2.9655974983195494
44.19,53.408755627575495,-2.9656755010448186
44.22,53.40892864442055,-2.965496809455707
44.25,53.40904247632286,-2.9655133558201836
44.28,53.408889369990476,-2.965327832841744
44.31,53.40877875811752,-2.965271367810044
44.34,53.40889015062783,-2.9652674851023844
44.37,53.409044352024374,-2.965091919263499
44.4,53.40899076664964,-2.965008159909604
44.43,53.40882852803983,-2.9650357925847404
44.46,53.40889739747906,-2.965125878844839
44.49,53.40884668942134,-2.9650220920728803
44.52,53.40873110328753,-2.9648531588284714
44.55,53.40858745106167,-2.9649639704197983
44.58,53.40863320896634,-2.9650719419697027
44.61,53.40876919229481,-2.9651284106482927
44.64,53.40862008978701,-2.965060796085951
44.67,53.40859106482512,-2.965011233737705
44.7,53.408435839525076,-2.9651900268773788
44.73,53.40835397326287,-2.965183964672783
44.76,53.40823360147108,-2.9653006796115746
44.79,53.40836806494445,-2.965403862298809
44.82,53.408306872236004,-2.965255343957025
44.85,53.40850603240504,-2.9651464477536655
44.88,53.40836224434875,-2.965040570439206
44.91,53.40819841661212,-2.964920763142714
44.94,53.40810882093695,-2.965033064328118
44.97,53.408079275213765,-2.965176181678116
45.0,53.40814602260332,-2.9650469300057347
45.03,53.408212567371386,-2.96492795916392
45.06,53.408077074680634,-2.9650189418205013
45.09,53.408212033882755,-2.965088331383265
45.12,53.40831080998855,-2.965061578289203
45.15,53.408170543388394,-2.9651730456320053
45.18,53.408339854516896,-2.9650122736607174
45.21,53.408378238991816,-2.96520589560806
45.24,53.408184950587795,-2.9650308002470727
45.27,53.40830441287872,-2.9649516523532835
45.3,53.408208238911726,-2.9647881787464883
45.33,53.408037464667736,-2.964712966296553
45.36,53.40811274186208,-2.964764840312025
45.39,53.40823782661025,-2.964889016822879
45.42,53.408422715584095,-2.964715858399597
45.45,53.40835833774147,-2.9647839464998986
45.48,53.40847629416347,-2.9648467234022178
45.51,53.408511708155245,-2.9647702775417804
45.54,53.408689804769736,-2.964668683088879
45.57,53.40860014837434,-2.9647273788891435
45.6,53.4084301632437,-2.96460564977174
45.63,53.40856804090599,-2.9647164353227735
45.66,53.40855684610133,-2.964777981920335
45.69,53.408469972590005,-2.9649662771532683
45.72,53.40850785846014,-2.96478608279011
45.75,53.40837627834763,-2.9646844055802997
45.78,53.40848548626056,-2.96467021911325
45.81,53.408624707840275,-2.9647008973247053
45.84,53.40867318114182,-2.9648736897760966
45.87,53.40853426896692,-2.9648388770389666
45.9,53.408671157625655,-2.9648492182997876
45.93,53.408844594787084,-2.964851717212304
45.96,53.40880865057834,-2.964738269016708
45.99,53.40897690888223,-2.9645778733267614
46.02,53.40904071343566,-2.9646918935204094
46.05,53.408964233616146,-2.964668888902782
46.08,53.408778707211944,-2.9647493697576124
46.11,53.408893893405946,-2.9648489303825003
46.14,53.40895317074825,-2.9649273800893052
46.17,53.408806517937784,-2.964993997248787
46.2,53.40873498694364,-2.9650828400429674
46.23,53.408659224089135,-2.9649153990388664
46.26,53.40868912540081,-2.96491651232757
46.29,53.40859479681304,-2.9650005995823827
46.32,53.4087145239683,-2.965066991795566
46.35,53.40857413919963,-2.965112086074374
46.38,53.40864348022868,-2.964935791534036
46.41,53.40877666914957,-2.964937837896434
46.44,53.40864406640396,-2.9647834099288155
46.47,53.408459893523585,-2.964750274591565
46.5,53.408648504646344,-2.964823485546079
46.53,53.408657665968896,-2.964901295055594
46.56,53.40862387515639,-2.96505777109144
46.59,53.40867091372532,-2.9649772051103978
46.62,53.408522603898234,-2.9651730417070525
46.65,53.4084191771933,-2.9652313129437133
46.68,53.40839299781687,-2.9651463659559627
46.71,53.40840112552138,-2.9653332960570746
46.74,53.40820873619305,-2.965355865638863
46.77,53.40807612467066,-2.9652325840470874
46.8,53.4081745142732,-2.965110922233023
46.83,53.408221256276846,-2.9652271407020105
46.86,53.408338099534475,-2.965311422699007
46.89,53.40820408215353,-2.9654958652206473
46.92,53.408160233972374,-2.965313872461713
46.95,53.408233903822925,-2.9652498783428096
46.98,53.40818590285032,-2.9652754172642024
47.01,53.40834974887534,-2.9650758460533737
47.04,53.4082831962197,-2.9650406966949348
47.07,53.408277966086764,-2.965159429667141
47.1,53.40828250982237,-2.9653238575187686
47.13,53.40840097446702,-2.9653620052398626
47.16,53.40846269814388,-2.965249893591112
47.19,53.40835687732569,-2.965070821080408
47.22,53.40855165523744,-2.9650766917896276
47.25,53.40838054512835,-2.9650208884864484
47.28,53.4084519500277,-2.965133620857374
47.31,53.40856313277399,-2.965220855026522
47.34,53.408467160932716,-2.965386734946111
47.37,53.40851475200281,-2.965284335059119
47.4,53.408592473352506,-2.9653621449827074
47.43,53.40851139391653,-2.9655405770048104
47.46,53.408381611349554,-2.965638808646613
47.49,53.408265131002416,-2.9658219506778267
47.52,53.40822483086427,-2.9660179770430855
47.55,53.4082261414044,-2.966216883730802
47.58,53.40817880763442,-2.9663781602999992
47.61,53.408043586476744,-2.9662994339004585
47.64,53.40787263565324,-2.9661872627342127
47.67,53.40794480708078,-2.9661309356851446
47.7,53.407957117706594,-2.966042065904773
47.73,53.40784524312896,-2.966079608797223
47.76,53.40765238956396,-2.966277917272456
47.79,53.40761866806262,-2.9662311648440496
47.82,53.4078048613672,-2.966095602447476
47.85,53.407626214012176,-2.965928650070575
47.88,53.40758453377051,-2.9659628900774067
47.91,53.40744820556571,-2.9661262597699363
47.94,53.40742897923382,-2.9661084963509805
47.97,53.40756984979204,-2.966042655417508
48.0,53.40744657312178,-2.966004323040862
48.03,53.407574887868364,-2.966105360252068
48.06,53.40749187221374,-2.9662022488631066
48.09,53.407680730397104,-2.9663433984593444
48.12,53.4077337107106,-2.966398728796695
48.15,53.4078236444555,-2.966398616848321
48.18,53.40771121062193,-2.9662547432843485
48.21,53.407726050156874,-2.9664459588289733
48.24,53.4076134858711,-2.9665784686931302
48.27,53.407542313437666,-2.9667133474756007
48.3,53.407600409965816,-2.9666699505281597
48.33,53.40755556344081,-2.9667669444358133
48.36,53.40760965092845,-2.966816737747642
48.39,53.40771684191006,-2.9666711569785984
48.42,53.407804677953585,-2.966495507277729
48.45,53.40772522106083,-2.9663550533509078
48.48,53.40768750090445,-2.966211884992832
48.51,53.40773446765745,-2.966297249582181
48.54,53.40764657597387,-2.966154443710026
48.57,53.40763989965051,-2.9662933798607405
48.6,53.40767193720477,-2.9664367808594827
48.63,53.40749640977838,-2.9665326956373717
48.66,53.40760642088658,-2.9666494244574158
48.69,53.40775181028941,-2.966833320050496
48.72,53.40768665076844,-2.9670316096748603
48.75,53.40776183702305,-2.9669855505417617
48.78,53.40787559889341,-2.966859309263496
48.81,53.40803871102844,-2.9668898538432575
48.84,53.407985362785006,-2.9668464285731764
48.87,53.40797974438491,-2.9669689977326192
48.9,53.407952766213626,-2.96701236599381
48.93,53.40810832741668,-2.9671800065190417
48.96,53.408199057246826,-2.967097608461053
48.99,53.408364644097965,-2.9670702346094275
49.02,53.408446769503584,-2.9672209940773877
49.05,53.40859622336821,-2.9674002193927387
49.08,53.40863943687932,-2.9675551456063656
49.11,53.40853111328397,-2.967480113600228
49.14,53.40848457639481,-2.9674056608777586
49.17,53.40837261758299,-2.967567323215859
49.2,53.40831136541912,-2.967565026242274
49.23,53.40843527995526,-2.967418473237989
49.26,53.40838664296338,-2.9672414037632793
49.29,53.40841194223818,-2.967367711384766
49.32,53.40841340015646,-2.967295763493501
49.35,53.4085185958699,-2.9674479634405193
49.38,53.408707607699824,-2.9674251646221306
49.41,53.40850956943582,-2.9675109795188575
49.44,53.40864244658962,-2.9676892123826026
49.47,53.408567169808464,-2.967617842108333
49.5,53.40841814209155,-2.967530667373394
49.53,53.40845391296801,-2.967623294774253
49.56,53.408578056884764,-2.9677941139170096
49.59,53.40845539182794,-2.967688354123011
49.62,53.40849620404141,-2.967801716871093
49.65,53.408453235921854,-2.9676623973097
49.68,53.40832248309791,-2.9678366203160578
49.71,53.40832188619388,-2.9679550561188965
49.74,53.40839490363656,-2.9680572459610612
49.77,53.40827061777057,-2.9680117298167223
49.8,53.408454460921746,-2.967992401117433
49.83,53.408640950957,-2.9677957649032667
49.86,53.40874158050082,-2.967766133768646
49.89,53.40869044859965,-2.967934586450678
49.92,53.40870175981564,-2.968062870277218
49.95,53.40872853801135,-2.968089452122551
49.98,53.40875126390019,-2.968059170567762
50.01,53.40877527418063,-2.9678881569677515
50.04,53.408796836106006,-2.9680411438286374
50.07,53.40895059727066,-2.9679445141570975
50.1,53.40889768711925,-2.967967010497744
50.13,53.408922583380196,-2.9680103072868755
50.16,53.40899044536805,-2.967811063681192
50.19,53.40881137687351,-2.9676440537939475
50.22,53.40900739443794,-2.9674988616815643
50.25,53.408992741193806,-2.9674335614025433
50.28,53.408979405276135,-2.96748427561415
50.31,53.40884189879847,-2.9676038834962135
50.34,53.408832793484265,-2.9676910163268397
50.37,53.40871601500662,-2.967647403735751
50.4,53.40862908377532,-2.9675144797104998
50.43,53.4084643125542,-2.967623689936897
50.46,53.408434079250036,-2.9677380110385894
50.49,53.40856887556338,-2.967741132081685
50.52,53.408393547598884,-2.967859529378245
50.55,53.408473001013725,-2.967935935705889
50.58,53.40839275980929,-2.968051632817291
50.61,53.40819775465766,-2.967948315519425
50.64,53.408127988507005,-2.968050718115161
50.67,53.40797009123778,-2.9680485626203192
50.7,53.40806559984118,-2.967869731805472
50.73,53.40823865709881,-2.968062833037183
50.76,53.40823704545457,-2.968068717117209
50.79,53.408256738748314,-2.968098111171536
50.82,53.40842776680102,-2.968060538732026
50.85,53.408402139907345,-2.9678754360748347
50.88,53.408409294684986,-2.9680721879597725
50.91,53.40846011068462,-2.967886152660939
50.94,53.408521369238734,-2.9680062598895547
50.97,53.40865667539238,-2.968191956959391
51.0,53.40879550205143,-2.9683380082457345
51.03,53.40893197663608,-2.968466616992704
51.06,53.40879052174316,-2.9685659659133066
51.09,53.40879211161773,-2.968489062364193
51.12,53.408797083622986,-2.9686606782607265
51.15,53.40897591933501,-2.9685252507962296
51.18,53.4089225692387,-2.9687101934275644
51.21,53.4088863102021,-2.968524961671947
51.24,53.40906786624572,-2.9686574265390715
51.27,53.40894670435727,-2.968466693616912
51.3,53.40888213633729,-2.9683882764489544
51.33,53.409053714677455,-2.9682579512840426
51.36,53.40917544746903,-2.968212887071439
51.39,53.40929854973316,-2.9683187954064114
51.42,53.409460198626235,-2.968433577059453
51.45,53.40930950416945,-2.9683257113248467
51.48,53.40950606792297,-2.9682221077381827
51.51,53.40955533004523,-2.968386515185778
51.54,53.409566658035075,-2.9685151020220677
51.57,53.409582958549656,-2.968551198193443
51.6,53.4094390690057,-2.9685335931031727
51.63,53.409555653935335,-2.9684476775647726
51.66,53.40941172888043,-2.968273143009494
51.69,53.40958452096866,-2.9683296630022866
51.72,53.40977563658566,-2.9684534627498342
51.75,53.40973574494173,-2.9683170787222233
51.78,53.40957011740811,-2.9683593478198915
51.81,53.40937404097113,-2.9684747188099756
51.84,53.40931646343674,-2.968341110453976
51.87,53.40936658661572,-2.968503160878655
51.9,53.409485196043654,-2.968399565742831
51.93,53.409407873374924,-2.968530249688549
51.96,53.40950181921184,-2.968355221419104
51.99,53.409389519315795,-2.968423233343991
52.02,53.4093224854772,-2.9682364465611273
52.05,53.409142869046676,-2.968429009764977
52.08,53.409015649329774,-2.9684440464035817
52.11,53.409201997957915,-2.9686293522991907
52.14,53.409321051171496,-2.9686191835325033
52.17,53.40947713858871,-2.96843362386019
52.2,53.409564304691365,-2.968533661584321
52.23,53.409728465094574,-2.968728916228685
52.26,53.40992364323603,-2.968763593926858
52.29,53.40983163182844,-2.9686103895428544
52.32,53.40983101796926,-2.968656090494935
52.35,53.40975311712353,-2.968688404197186
52.38,53.40965239579178,-2.9686812268187004
52.41,53.40962678600219,-2.96877563385855
52.44,53.40942911713629,-2.9689150164892033
52.47,53.409541571173584,-2.9688315743234592
52.5,53.40971105943951,-2.968971916621612
52.53,53.40988166218724,-2.9688170108706107
52.56,53.40982169486631,-2.9686352105927876
52.59,53.41001522178081,-2.9684969611470886
52.62,53.41003798884969,-2.968348534913707
52.65,53.40989972673574,-2.968495435506746
52.68,53.40975526663464,-2.9684175352796407
52.71,53.40993932389518,-2.9685398093949362
52.74,53.40979406468652,-2.9683856510748416
52.77,53.40994533193526,-2.9685347715225507
52.8,53.40975870321985,-2.9686234758820835
52.83,53.4096679090659,-2.9688205094218
52.86,53.409526051741956,-2.968686449715444
52.89,53.409351555495974,-2.9687039725722095
52.92,53.40943815812251,-2.9686183402289243
52.95,53.40936192407893,-2.968764870209251
52.98,53.40933235803458,-2.9688208662911286
53.01,53.4093115270527,-2.968903916301081
53.04,53.409301602364316,-2.968714163986785
53.07,53.4091047941135,-2.9688221896547646
53.1,53.40924442623141,-2.9688223990576246
53.13,53.40935799356585,-2.968990738427536
53.16,53.40955395404422,-2.9691897349953322
53.19,53.409668440695754,-2.9692915545816914
53.22,53.409753123137676,-2.9691696690018765
53.25,53.40984692052223,-2.96898774350724
53.28,53.40973591604626,-2.968846890838822
53.31,53.40978298594235,-2.9689735572633267
53.34,53.409670262169115,-2.9691373252034734
53.37,53.40983126785062,-2.969205173945511
53.4,53.40977003396082,-2.9693563751253365
53.43,53.40989126987056,-2.9693338852282323
53.46,53.40977314185197,-2.969215793911532
53.49,53.40978770483563,-2.9690987239793807
53.52,53.409870046736344,-2.969126183670632
53.55,53.40981259504693,-2.968969055950023
53.58,53.40968503182553,-2.9691284035814944
53.61,53.409828514403884,-2.969053436760795
53.64,53.409998825716244,-2.969009175299062
53.67,53.410198533192904,-2.9690366168298303
53.7,53.41002389756226,-2.9689702327598098
53.73,53.409924575542234,-2.9690134119325657
53.76,53.40987192331013,-2.969082864038236
53.79,53.40987857372108,-2.969043409844372
53.82,53.409706852686405,-2.9688861146429164
53.85,53.40964590749004,-2.9687912116193838
53.88,53.40958454262084,-2.9689434609334313
53.91,53.409516256881446,-2.9690533523005294
53.94,53.409437910034185,-2.968986086635142
53.97,53.40950932069356,-2.9691094825779545
54.0,53.409591443038856,-2.9690630683098
54.03,53.409456365701956,-2.969031044247196
54.06,53.40927914516369,-2.9689667988023283
54.09,53.40918543856969,-2.968931046109177
54.12,53.4093605267702,-2.968848512998081
54.15,53.40938380782724,-2.9688205630571955
54.18,53.4092829327474,-2.968833153434434
54.21,53.409104763217194,-2.9688360132956735
54.24,53.409292038771014,-2.9688347933158754
54.27,53.409389698053026,-2.9686737061513275
54.3,53.40941606944992,-2.9688217713020504
54.33,53.40961211729748,-2.9688182100489997
54.36,53.40958331245133,-2.9689931471911613
54.39,53.409672605376635,-2.9688543886558905
54.42,53.409685440046346,-2.9689803440704776
54.45,53.40976794962125,-2.969104530440199
54.48,53.40970678001849,-2.969208998780746
54.51,53.40971754132575,-2.9691491331766713
54.54,53.40974087490927,-2.9692830478059364
54.57,53.40963476626168,-2.9693951894361574
54.6,53.40963893733671,-2.9692097151862678
54.63,53.4097011916349,-2.969065948164526
54.66,53.40953729273117,-2.9692560650255646
54.69,53.40955513372537,-2.9693642260358275
54.72,53.40948816516213,-2.9692718352060923
54.75,53.40932567272076,-2.9691204592597717
54.78,53.40929072191115,-2.9690829327182113
54.81,53.40910770020942,-2.9692580770065904
54.84,53.409177013182614,-2.9694429481862574
54.87,53.40923168610127,-2.96951839248843
54.9,53.40915177442724,-2.9693361832776133
54.93,53.409297019929795,-2.9694134600802933
54.96,53.40925099819258,-2.9694956014985348
54.99,53.409098959098564,-2.9693142388705303
55.02,53.4091593027009,-2.9692284464866634
55.05,53.40912889647341,-2.9693450198408984
55.08,53.409181215129884,-2.969446768455003
55.11,53.40934659770608,-2.9692687831259335
55.14,53.40953378497345,-2.9693828457305127
55.17,53.409452213821496,-2.969237896102204
55.2,53.40943824900664,-2.969214578727697
55.23,53.40952380201648,-2.969330410523939
55.26,53.40950893625859,-2.9694970004136625
55.29,53.409321274840494,-2.9693096538082995
55.32,53.409410104435324,-2.96926090280143
55.35,53.40929204403341,-2.9693427966453942
55.38,53.40945989249949,-2.969145239445842
55.41,53.40951690920777,-2.968975862236102
55.44,53.40947479214369,-2.9688383478837443
55.47,53.409565978141,-2.9689498137692443
55.5,53.40973465719507,-2.969144176292524
55.53,53.40964200424679,-2.9691467822108866
55.56,53.40981723305071,-2.9692059620123668
55.59,53.40966100954376,-2.969116958667911
55.62,53.409729014970736,-2.9692689960702605
55.65,53.40980466101191,-2.9693137727655863
55.68,53.40977310066859,-2.969137508528037
55.71,53.409906031922425,-2.9689466165327225
55.74,53.4099868756592,-2.968992008290732
55.77,53.40993629658078,-2.9691353212730536
55.8,53.40976348496202,-2.9691306215877424
55.83,53.40962738541501,-2.9690977595122465
55.86,53.4095122369415,-2.9690966607079408
55.89,53.40967146137934,-2.9691105282868793
55.92,53.409841298086185,-2.96919014492448
55.95,53.409695201326215,-2.969107218682572
55.98,53.40966868349689,-2.9690397590048936
56.01,53.40970016639115,-2.9690654676096115
56.04,53.40964548329252,-2.9691783227198765
56.07,53.40984201628188,-2.969296995875576
56.1,53.40982646912727,-2.9691400402773596
56.13,53.40995298678154,-2.968946974900222
56.16,53.41000235725342,-2.969033158033118
56.19,53.41014957281184,-2.96920682822932
56.22,53.410326511143936,-2.9692277376134797
56.25,53.41039930532706,-2.969070112432141
56.28,53.41040685951243,-2.9689419525786525
56.31,53.4105423229267,-2.9689383375631926
56.34,53.41070679429168,-2.9690390356076266
56.37,53.410569599155295,-2.9689557983503545
56.4,53.41069926902796,-2.9689910899570084
56.43,53.41051135371672,-2.9690193722882423
56.46,53.41040149650661,-2.969190608472229
56.49,53.41026759240258,-2.9691497227831873
56.52,53.410219388254156,-2.9690310336248587
56.55,53.4101073445107,-2.968989507419345
56.58,53.410014681765006,-2.9690759803896083
56.61,53.40987460504465,-2.968979166497986
56.64,53.40978727673207,-2.968910937844016
56.67,53.40986267553905,-2.9688892717312916
56.7,53.4099275352981,-2.968816513300606
56.73,53.409766481077,-2.968707488888673
56.76,53.409773828396986,-2.968581678210569
56.79,53.40961819486376,-2.968758671308355
56.82,53.40967681997867,-2.968835772255747
56.85,53.40987081094533,-2.9689132751835214
56.88,53.40985128258923,-2.968975617206523
56.91,53.40987481724965,-2.969090571024655
56.94,53.41005896169516,-2.969181033804151
56.97,53.41022675904689,-2.9689870906716562
57.0,53.41016204939708,-2.9688603613320272
57.03,53.410320620073215,-2.969046111118736
57.06,53.41050894274287,-2.969092629661136
57.09,53.41044452326121,-2.968971271968444
57.12,53.41031149241239,-2.9691603449595947
57.15,53.41049876680364,-2.9693532917406835
57.18,53.410553915117916,-2.9693257326062503
57.21,53.410522056770674,-2.9691952637237375
57.24,53.41064856862988,-2.9693855422931748
57.27,53.41069580989002,-2.9692421362958936
57.3,53.41065145342798,-2.9693923355456575
57.33,53.41068114164195,-2.96958574242618
57.36,53.410634623599535,-2.969586027354661
57.39,53.41052053738688,-2.969551847115721
57.42,53.41065161488332,-2.969563028461696
57.45,53.410668532944456,-2.9696873085300344
57.48,53.41047188476137,-2.9696985513206418
57.51,53.41037210467996,-2.9696460328589525
57.54,53.41021234080559,-2.969665021621595
57.57,53.41021887517725,-2.969551529728503
57.6,53.41003968982522,-2.9693958409407335
57.63,53.409901249660024,-2.9692285354195107
57.66,53.41002596549123,-2.9690724188718285
57.69,53.410196158731864,-2.9692393090148164
57.72,53.41014086215617,-2.969202327898265
57.75,53.410073351163284,-2.9691382227508414
57.78,53.41022147416815,-2.9692568165252724
57.81,53.4101485399315,-2.969108333889177
57.84,53.41008069962883,-2.969275694122816
57.87,53.410179467114425,-2.9693584056151248
57.9,53.41021281097479,-2.9695320788857953
57.93,53.410238826296585,-2.9694065024150023
57.96,53.410216648872705,-2.96946087099283
57.99,53.41032451073321,-2.9694508186158486
58.02,53.410314496329775,-2.969581081795875
58.05,53.41038603545442,-2.969449489134308
58.08,53.4101861701078,-2.9695260967068124
58.11,53.41024681631585,-2.9696660916433757
58.14,53.41039019729686,-2.969812339734556
58.17,53.410287755616196,-2.9698293612422058
58.2,53.41014296839132,-2.9696671292590078
58.23,53.410145547894224,-2.9697112989460575
58.26,53.410189816545945,-2.9696123403958903
58.29,53.410207511454196,-2.969553822997938
58.32,53.41028010630154,-2.969579361447015
58.35,53.4101921562879,-2.969729208201476
58.38,53.4102572421764,-2.969778000608288
58.41,53.41043859791484,-2.969868262033038
58.44,53.410551645911426,-2.9698922021545173
58.47,53.41041369929651,-2.9699360754573276
58.5,53.41046476672629,-2.969866730674314
58.53,53.41040377238643,-2.969976363918391
58.56,53.410266221750156,-2.969939263520522
58.59,53.41033816255836,-2.9697788403884107
58.62,53.41033405273447,-2.9698465241115235
58.65,53.41045354201863,-2.9697924731328285
58.68,53.410543611494035,-2.9699666882986215
58.71,53.41067294302502,-2.9700093313929736
58.74,53.410741212670715,-2.9701800803567044
58.77,53.41054130135306,-2.970368060380726
58.8,53.41037131938411,-2.9705331325956945
58.83,53.41051582530849,-2.9705137787641305
58.86,53.41034041709478,-2.97031425261552
58.89,53.4103127124188,-2.970241473829461
58.92,53.410377644034696,-2.97029930705936
58.95,53.41050792063031,-2.9701125162021684
58.98,53.41047182916579,-2.9701707832051225
59.01,53.410440927007926,-2.9700380983474752
59.04,53.41044179593017,-2.9701974705311565
59.07,53.41024590208194,-2.9701330350996287
59.1,53.410105185584065,-2.970026336580916
59.13,53.410145074963545,-2.9701418947784086
59.16,53.40997234354573,-2.970074018478484
59.19,53.40983643611763,-2.969881698972412
59.22,53.40984192972284,-2.9699508757515036
59.25,53.409963592130936,-2.969903805980528
59.28,53.410027052839524,-2.9697882322251643
59.31,53.4100079938343,-2.969970683257898
59.34,53.409871748171625,-2.9697741758664913
59.37,53.40992133175366,-2.9699646529878305
59.4,53.40978051035115,-2.97012198317529
59.43,53.40968311510626,-2.97006030533503
59.46,53.409854022415466,-2.970031605130852
59.49,53.40985364873366,-2.9698627617539852
59.52,53.40970601187688,-2.9697032789380335
59.55,53.40976314037437,-2.969808893766628
59.58,53.409870225991796,-2.9699389262993092
59.61,53.4099070035764,-2.969954880093661
59.64,53.40974997292544,-2.9697800053146284
59.67,53.409628209229865,-2.969833765987282
59.7,53.409682932710716,-2.9699257186783132
59.73,53.409520827761604,-2.9700055785572346
59.76,53.40947154003361,-2.9698828161445148
59.79,53.40948955555876,-2.969713915412411
59.82,53.40934528926421,-2.9695831195523135
59.85,53.409539612954546,-2.969389851044235
59.88,53.40945935986763,-2.969549674402974
59.91,53.40956497722158,-2.9695736566584343
59.94,53.40962097881253,-2.9697345434020086
59.97,53.40980660821258,-2.9697764007146974
